2026-04-08 15:20:54.628 [main] INFO  cheese-im-postoffice - Registered command handler: CHAT_SEND -> ChatMessageHandler
2026-04-08 15:20:54.628 [main] INFO  cheese-im-postoffice - Registered command handler: AUTH -> AuthMessageHandler
2026-04-08 15:20:54.629 [main] INFO  cheese-im-postoffice - Registered command handler: HEARTBEAT -> HeartbeatMessageHandler
2026-04-08 15:20:54.629 [main] INFO  cheese-im-postoffice - MessageHandlerFactory initialized with 3 handlers
2026-04-08 15:20:56.475 [main] INFO  cheese-im-postoffice - Starting TCP Server on port: 5148
2026-04-08 15:20:56.475 [main] INFO  cheese-im-postoffice - TCP SSL is disabled
2026-04-08 15:20:56.476 [main] INFO  cheese-im-postoffice - TCP Server started successfully on port: 5148
2026-04-08 15:20:56.476 [main] INFO  cheese-im-postoffice - TCP Server configuration: bossThreads=1, workerThreads=16, backlog=1024
2026-04-08 15:20:56.476 [main] INFO  cheese-im-postoffice - Starting WebSocket Server with config: ServerProperties.WebSocketConfig(enabled=true, path=/ws)
2026-04-08 15:20:56.477 [main] INFO  cheese-im-postoffice - ConnectionManager initialized, multiLoginStrategy: 同终端踢下线, timeoutMs: 300000
2026-04-08 15:20:56.477 [main] INFO  cheese-im-postoffice - WebSocket Server started successfully on port 5147
2026-04-08 15:20:56.477 [main] INFO  cheese-im-postoffice - WebSocket endpoint: ws://localhost:5147/ws
2026-04-08 15:20:56.478 [main] INFO  cheese-im-postoffice - Server configuration: bossThreads=1, workerThreads=16, maxConnections=10000
2026-04-08 15:25:27.643 [nioEventLoopGroup-8-1] INFO  cheese-im-postoffice - TCP connection established: /127.0.0.1:53275
2026-04-08 15:25:27.645 [nioEventLoopGroup-8-1] INFO  cheese-im-postoffice - Pending connection registered: connectionID=5b3b53bd5bb043c59c922eda8d6f883a, remoteAddress=/127.0.0.1:53275
2026-04-08 15:25:27.645 [nioEventLoopGroup-8-1] INFO  cheese-im-postoffice - TCP connection created: connectionID=5b3b53bd5bb043c59c922eda8d6f883a, clientIP=127.0.0.1
2026-04-08 15:25:27.667 [nioEventLoopGroup-8-1] ERROR cheese-im-postoffice - Failed to encode TCP message to /127.0.0.1:53275
java.lang.IllegalArgumentException: Cannot construct instance of `java.util.LinkedHashMap` (although at least one Creator exists): no String-argument constructor/factory method to deserialize from String value ('连接成功')
 at [Source: UNKNOWN; byte offset: #UNKNOWN]
	at com.fasterxml.jackson.databind.ObjectMapper._convert(ObjectMapper.java:4544)
	at com.fasterxml.jackson.databind.ObjectMapper.convertValue(ObjectMapper.java:4475)
	at com.cheeseocean.im.common.api.protocol.ProtoEnvelopeMapper.toConnectResponse(ProtoEnvelopeMapper.java:71)
	at com.cheeseocean.im.common.api.protocol.ProtoEnvelopeMapper.toProto(ProtoEnvelopeMapper.java:40)
	at com.cheeseocean.im.postoffice.codec.TcpEnvelopeCodecSupport.encode(TcpEnvelopeCodecSupport.java:46)
	at com.cheeseocean.im.postoffice.codec.TcpEnvelopeEncoder.encode(TcpEnvelopeEncoder.java:23)
	at com.cheeseocean.im.postoffice.codec.TcpEnvelopeEncoder.encode(TcpEnvelopeEncoder.java:16)
	at io.netty.handler.codec.MessageToByteEncoder.write(MessageToByteEncoder.java:107)
	at io.netty.channel.AbstractChannelHandlerContext.invokeWrite0(AbstractChannelHandlerContext.java:893)
	at io.netty.channel.AbstractChannelHandlerContext.invokeWriteAndFlush(AbstractChannelHandlerContext.java:956)
	at io.netty.channel.AbstractChannelHandlerContext.write(AbstractChannelHandlerContext.java:982)
	at io.netty.channel.AbstractChannelHandlerContext.writeAndFlush(AbstractChannelHandlerContext.java:950)
	at io.netty.channel.AbstractChannelHandlerContext.writeAndFlush(AbstractChannelHandlerContext.java:1000)
	at com.cheeseocean.im.postoffice.server.TcpServerHandler.sendMessage(TcpServerHandler.java:206)
	at com.cheeseocean.im.postoffice.server.TcpServerHandler.channelActive(TcpServerHandler.java:70)
	at io.netty.channel.AbstractChannelHandlerContext.invokeChannelActive(AbstractChannelHandlerContext.java:260)
	at io.netty.channel.AbstractChannelHandlerContext.invokeChannelActive(AbstractChannelHandlerContext.java:238)
	at io.netty.channel.AbstractChannelHandlerContext.fireChannelActive(AbstractChannelHandlerContext.java:231)
	at io.netty.channel.ChannelInboundHandlerAdapter.channelActive(ChannelInboundHandlerAdapter.java:69)
	at io.netty.handler.timeout.IdleStateHandler.channelActive(IdleStateHandler.java:274)
	at io.netty.channel.AbstractChannelHandlerContext.invokeChannelActive(AbstractChannelHandlerContext.java:260)
	at io.netty.channel.AbstractChannelHandlerContext.invokeChannelActive(AbstractChannelHandlerContext.java:238)
	at io.netty.channel.AbstractChannelHandlerContext.fireChannelActive(AbstractChannelHandlerContext.java:231)
	at io.netty.channel.DefaultChannelPipeline$HeadContext.channelActive(DefaultChannelPipeline.java:1398)
	at io.netty.channel.AbstractChannelHandlerContext.invokeChannelActive(AbstractChannelHandlerContext.java:258)
	at io.netty.channel.AbstractChannelHandlerContext.invokeChannelActive(AbstractChannelHandlerContext.java:238)
	at io.netty.channel.DefaultChannelPipeline.fireChannelActive(DefaultChannelPipeline.java:895)
	at io.netty.channel.AbstractChannel$AbstractUnsafe.register0(AbstractChannel.java:522)
	at io.netty.channel.AbstractChannel$AbstractUnsafe.access$200(AbstractChannel.java:429)
	at io.netty.channel.AbstractChannel$AbstractUnsafe$1.run(AbstractChannel.java:486)
	at io.netty.util.concurrent.AbstractEventExecutor.runTask(AbstractEventExecutor.java:173)
	at io.netty.util.concurrent.AbstractEventExecutor.safeExecute(AbstractEventExecutor.java:166)
	at io.netty.util.concurrent.SingleThreadEventExecutor.runAllTasks(SingleThreadEventExecutor.java:470)
	at io.netty.channel.nio.NioEventLoop.run(NioEventLoop.java:569)
	at io.netty.util.concurrent.SingleThreadEventExecutor$4.run(SingleThreadEventExecutor.java:997)
	at io.netty.util.internal.ThreadExecutorMap$2.run(ThreadExecutorMap.java:74)
	at io.netty.util.concurrent.FastThreadLocalRunnable.run(FastThreadLocalRunnable.java:30)
	at java.base/java.lang.Thread.run(Thread.java:840)
Caused by: com.fasterxml.jackson.databind.exc.MismatchedInputException: Cannot construct instance of `java.util.LinkedHashMap` (although at least one Creator exists): no String-argument constructor/factory method to deserialize from String value ('连接成功')
 at [Source: UNKNOWN; byte offset: #UNKNOWN]
	at com.fasterxml.jackson.databind.exc.MismatchedInputException.from(MismatchedInputException.java:63)
	at com.fasterxml.jackson.databind.DeserializationContext.reportInputMismatch(DeserializationContext.java:1739)
	at com.fasterxml.jackson.databind.DeserializationContext.handleMissingInstantiator(DeserializationContext.java:1364)
	at com.fasterxml.jackson.databind.deser.std.StdDeserializer._deserializeFromString(StdDeserializer.java:311)
	at com.fasterxml.jackson.databind.deser.std.MapDeserializer.deserialize(MapDeserializer.java:454)
	at com.fasterxml.jackson.databind.deser.std.MapDeserializer.deserialize(MapDeserializer.java:32)
	at com.fasterxml.jackson.databind.ObjectMapper._convert(ObjectMapper.java:4539)
	... 37 common frames omitted
2026-04-08 15:25:27.741 [nioEventLoopGroup-8-1] INFO  cheese-im-postoffice - Connection added: userID=u100, connectionID=5b3b53bd5bb043c59c922eda8d6f883a, platform=Unknown, total=1
2026-04-08 15:25:27.741 [nioEventLoopGroup-8-1] INFO  cheese-im-postoffice - Authentication success: userID=u100, sessionID=sess:u100:smoke-u100, deviceID=smoke-u100, connectionID=5b3b53bd5bb043c59c922eda8d6f883a
2026-04-08 15:25:27.747 [nioEventLoopGroup-8-2] INFO  cheese-im-postoffice - TCP connection established: /127.0.0.1:53277
2026-04-08 15:25:27.747 [nioEventLoopGroup-8-2] INFO  cheese-im-postoffice - Pending connection registered: connectionID=0b38e5ebf82149509a8fd0da7ee80bdc, remoteAddress=/127.0.0.1:53277
2026-04-08 15:25:27.747 [nioEventLoopGroup-8-2] INFO  cheese-im-postoffice - TCP connection created: connectionID=0b38e5ebf82149509a8fd0da7ee80bdc, clientIP=127.0.0.1
2026-04-08 15:25:27.748 [nioEventLoopGroup-8-2] ERROR cheese-im-postoffice - Failed to encode TCP message to /127.0.0.1:53277
java.lang.IllegalArgumentException: Cannot construct instance of `java.util.LinkedHashMap` (although at least one Creator exists): no String-argument constructor/factory method to deserialize from String value ('连接成功')
 at [Source: UNKNOWN; byte offset: #UNKNOWN]
	at com.fasterxml.jackson.databind.ObjectMapper._convert(ObjectMapper.java:4544)
	at com.fasterxml.jackson.databind.ObjectMapper.convertValue(ObjectMapper.java:4475)
	at com.cheeseocean.im.common.api.protocol.ProtoEnvelopeMapper.toConnectResponse(ProtoEnvelopeMapper.java:71)
	at com.cheeseocean.im.common.api.protocol.ProtoEnvelopeMapper.toProto(ProtoEnvelopeMapper.java:40)
	at com.cheeseocean.im.postoffice.codec.TcpEnvelopeCodecSupport.encode(TcpEnvelopeCodecSupport.java:46)
	at com.cheeseocean.im.postoffice.codec.TcpEnvelopeEncoder.encode(TcpEnvelopeEncoder.java:23)
	at com.cheeseocean.im.postoffice.codec.TcpEnvelopeEncoder.encode(TcpEnvelopeEncoder.java:16)
	at io.netty.handler.codec.MessageToByteEncoder.write(MessageToByteEncoder.java:107)
	at io.netty.channel.AbstractChannelHandlerContext.invokeWrite0(AbstractChannelHandlerContext.java:893)
	at io.netty.channel.AbstractChannelHandlerContext.invokeWriteAndFlush(AbstractChannelHandlerContext.java:956)
	at io.netty.channel.AbstractChannelHandlerContext.write(AbstractChannelHandlerContext.java:982)
	at io.netty.channel.AbstractChannelHandlerContext.writeAndFlush(AbstractChannelHandlerContext.java:950)
	at io.netty.channel.AbstractChannelHandlerContext.writeAndFlush(AbstractChannelHandlerContext.java:1000)
	at com.cheeseocean.im.postoffice.server.TcpServerHandler.sendMessage(TcpServerHandler.java:206)
	at com.cheeseocean.im.postoffice.server.TcpServerHandler.channelActive(TcpServerHandler.java:70)
	at io.netty.channel.AbstractChannelHandlerContext.invokeChannelActive(AbstractChannelHandlerContext.java:260)
	at io.netty.channel.AbstractChannelHandlerContext.invokeChannelActive(AbstractChannelHandlerContext.java:238)
	at io.netty.channel.AbstractChannelHandlerContext.fireChannelActive(AbstractChannelHandlerContext.java:231)
	at io.netty.channel.ChannelInboundHandlerAdapter.channelActive(ChannelInboundHandlerAdapter.java:69)
	at io.netty.handler.timeout.IdleStateHandler.channelActive(IdleStateHandler.java:274)
	at io.netty.channel.AbstractChannelHandlerContext.invokeChannelActive(AbstractChannelHandlerContext.java:260)
	at io.netty.channel.AbstractChannelHandlerContext.invokeChannelActive(AbstractChannelHandlerContext.java:238)
	at io.netty.channel.AbstractChannelHandlerContext.fireChannelActive(AbstractChannelHandlerContext.java:231)
	at io.netty.channel.DefaultChannelPipeline$HeadContext.channelActive(DefaultChannelPipeline.java:1398)
	at io.netty.channel.AbstractChannelHandlerContext.invokeChannelActive(AbstractChannelHandlerContext.java:258)
	at io.netty.channel.AbstractChannelHandlerContext.invokeChannelActive(AbstractChannelHandlerContext.java:238)
	at io.netty.channel.DefaultChannelPipeline.fireChannelActive(DefaultChannelPipeline.java:895)
	at io.netty.channel.AbstractChannel$AbstractUnsafe.register0(AbstractChannel.java:522)
	at io.netty.channel.AbstractChannel$AbstractUnsafe.access$200(AbstractChannel.java:429)
	at io.netty.channel.AbstractChannel$AbstractUnsafe$1.run(AbstractChannel.java:486)
	at io.netty.util.concurrent.AbstractEventExecutor.runTask(AbstractEventExecutor.java:173)
	at io.netty.util.concurrent.AbstractEventExecutor.safeExecute(AbstractEventExecutor.java:166)
	at io.netty.util.concurrent.SingleThreadEventExecutor.runAllTasks(SingleThreadEventExecutor.java:470)
	at io.netty.channel.nio.NioEventLoop.run(NioEventLoop.java:569)
	at io.netty.util.concurrent.SingleThreadEventExecutor$4.run(SingleThreadEventExecutor.java:997)
	at io.netty.util.internal.ThreadExecutorMap$2.run(ThreadExecutorMap.java:74)
	at io.netty.util.concurrent.FastThreadLocalRunnable.run(FastThreadLocalRunnable.java:30)
	at java.base/java.lang.Thread.run(Thread.java:840)
Caused by: com.fasterxml.jackson.databind.exc.MismatchedInputException: Cannot construct instance of `java.util.LinkedHashMap` (although at least one Creator exists): no String-argument constructor/factory method to deserialize from String value ('连接成功')
 at [Source: UNKNOWN; byte offset: #UNKNOWN]
	at com.fasterxml.jackson.databind.exc.MismatchedInputException.from(MismatchedInputException.java:63)
	at com.fasterxml.jackson.databind.DeserializationContext.reportInputMismatch(DeserializationContext.java:1739)
	at com.fasterxml.jackson.databind.DeserializationContext.handleMissingInstantiator(DeserializationContext.java:1364)
	at com.fasterxml.jackson.databind.deser.std.StdDeserializer._deserializeFromString(StdDeserializer.java:311)
	at com.fasterxml.jackson.databind.deser.std.MapDeserializer.deserialize(MapDeserializer.java:454)
	at com.fasterxml.jackson.databind.deser.std.MapDeserializer.deserialize(MapDeserializer.java:32)
	at com.fasterxml.jackson.databind.ObjectMapper._convert(ObjectMapper.java:4539)
	... 37 common frames omitted
2026-04-08 15:25:27.755 [nioEventLoopGroup-8-2] INFO  cheese-im-postoffice - Connection added: userID=u200, connectionID=0b38e5ebf82149509a8fd0da7ee80bdc, platform=Unknown, total=2
2026-04-08 15:25:27.755 [nioEventLoopGroup-8-2] INFO  cheese-im-postoffice - Authentication success: userID=u200, sessionID=sess:u200:smoke-u200, deviceID=smoke-u200, connectionID=0b38e5ebf82149509a8fd0da7ee80bdc
2026-04-08 15:25:27.801 [nioEventLoopGroup-8-1] ERROR cheese-im-postoffice - Failed to handle chat message: userID=u100, connectionID=5b3b53bd5bb043c59c922eda8d6f883a
org.apache.dubbo.rpc.RpcException: java.util.concurrent.ExecutionException: org.apache.dubbo.rpc.RpcException: Failed to invoke the method isBlocked in the service com.cheeseocean.im.common.api.friend.FriendRelationService. No provider available for the service com.cheeseocean.im.common.api.friend.FriendRelationService from registry Directory(invokers: 1[127.0.0.1], validInvokers: 0[], invokersToReconnect: 1[127.0.0.1]) on the consumer 192.168.31.22 using the dubbo version 3.2.8. Please check if the providers have been started and registered.
	at org.apache.dubbo.rpc.AsyncRpcResult.getAppResponse(AsyncRpcResult.java:166)
	at org.apache.dubbo.rpc.AsyncRpcResult.recreate(AsyncRpcResult.java:230)
	at org.apache.dubbo.rpc.proxy.InvocationUtil.invoke(InvocationUtil.java:61)
	at org.apache.dubbo.rpc.proxy.InvokerInvocationHandler.invoke(InvokerInvocationHandler.java:75)
	at com.cheeseocean.im.common.api.rpc.MessageSenderDubboProxy4.sendMessage(MessageSenderDubboProxy4.java)
	at java.base/jdk.internal.reflect.NativeMethodAccessorImpl.invoke0(Native Method)
	at java.base/jdk.internal.reflect.NativeMethodAccessorImpl.invoke(NativeMethodAccessorImpl.java:77)
	at java.base/jdk.internal.reflect.DelegatingMethodAccessorImpl.invoke(DelegatingMethodAccessorImpl.java:43)
	at java.base/java.lang.reflect.Method.invoke(Method.java:568)
	at org.apache.dubbo.config.spring.util.LazyTargetInvocationHandler.invoke(LazyTargetInvocationHandler.java:54)
	at com.cheeseocean.im.common.api.rpc.MessageSenderDubboProxy4.sendMessage(MessageSenderDubboProxy4.java)
	at com.cheeseocean.im.postoffice.handler.ChatMessageHandler.handle(ChatMessageHandler.java:77)
	at com.cheeseocean.im.postoffice.server.TcpServerHandler.handleMessage(TcpServerHandler.java:173)
	at com.cheeseocean.im.postoffice.server.TcpServerHandler.channelRead0(TcpServerHandler.java:123)
	at com.cheeseocean.im.postoffice.server.TcpServerHandler.channelRead0(TcpServerHandler.java:29)
	at io.netty.channel.SimpleChannelInboundHandler.channelRead(SimpleChannelInboundHandler.java:99)
	at io.netty.channel.AbstractChannelHandlerContext.invokeChannelRead(AbstractChannelHandlerContext.java:444)
	at io.netty.channel.AbstractChannelHandlerContext.invokeChannelRead(AbstractChannelHandlerContext.java:420)
	at io.netty.channel.AbstractChannelHandlerContext.fireChannelRead(AbstractChannelHandlerContext.java:412)
	at io.netty.handler.codec.ByteToMessageDecoder.fireChannelRead(ByteToMessageDecoder.java:346)
	at io.netty.handler.codec.ByteToMessageDecoder.channelRead(ByteToMessageDecoder.java:318)
	at io.netty.channel.AbstractChannelHandlerContext.invokeChannelRead(AbstractChannelHandlerContext.java:444)
	at io.netty.channel.AbstractChannelHandlerContext.invokeChannelRead(AbstractChannelHandlerContext.java:420)
	at io.netty.channel.AbstractChannelHandlerContext.fireChannelRead(AbstractChannelHandlerContext.java:412)
	at io.netty.handler.timeout.IdleStateHandler.channelRead(IdleStateHandler.java:289)
	at io.netty.channel.AbstractChannelHandlerContext.invokeChannelRead(AbstractChannelHandlerContext.java:442)
	at io.netty.channel.AbstractChannelHandlerContext.invokeChannelRead(AbstractChannelHandlerContext.java:420)
	at io.netty.channel.AbstractChannelHandlerContext.fireChannelRead(AbstractChannelHandlerContext.java:412)
	at io.netty.channel.DefaultChannelPipeline$HeadContext.channelRead(DefaultChannelPipeline.java:1410)
	at io.netty.channel.AbstractChannelHandlerContext.invokeChannelRead(AbstractChannelHandlerContext.java:440)
	at io.netty.channel.AbstractChannelHandlerContext.invokeChannelRead(AbstractChannelHandlerContext.java:420)
	at io.netty.channel.DefaultChannelPipeline.fireChannelRead(DefaultChannelPipeline.java:919)
	at io.netty.channel.nio.AbstractNioByteChannel$NioByteUnsafe.read(AbstractNioByteChannel.java:166)
	at io.netty.channel.nio.NioEventLoop.processSelectedKey(NioEventLoop.java:788)
	at io.netty.channel.nio.NioEventLoop.processSelectedKeysOptimized(NioEventLoop.java:724)
	at io.netty.channel.nio.NioEventLoop.processSelectedKeys(NioEventLoop.java:650)
	at io.netty.channel.nio.NioEventLoop.run(NioEventLoop.java:562)
	at io.netty.util.concurrent.SingleThreadEventExecutor$4.run(SingleThreadEventExecutor.java:997)
	at io.netty.util.internal.ThreadExecutorMap$2.run(ThreadExecutorMap.java:74)
	at io.netty.util.concurrent.FastThreadLocalRunnable.run(FastThreadLocalRunnable.java:30)
	at java.base/java.lang.Thread.run(Thread.java:840)
Caused by: java.util.concurrent.ExecutionException: org.apache.dubbo.rpc.RpcException: Failed to invoke the method isBlocked in the service com.cheeseocean.im.common.api.friend.FriendRelationService. No provider available for the service com.cheeseocean.im.common.api.friend.FriendRelationService from registry Directory(invokers: 1[127.0.0.1], validInvokers: 0[], invokersToReconnect: 1[127.0.0.1]) on the consumer 192.168.31.22 using the dubbo version 3.2.8. Please check if the providers have been started and registered.
	at java.base/java.util.concurrent.CompletableFuture.reportGet(CompletableFuture.java:396)
	at java.base/java.util.concurrent.CompletableFuture.get(CompletableFuture.java:2073)
	at org.apache.dubbo.rpc.AsyncRpcResult.getAppResponse(AsyncRpcResult.java:161)
	... 40 common frames omitted
Caused by: org.apache.dubbo.rpc.RpcException: Failed to invoke the method isBlocked in the service com.cheeseocean.im.common.api.friend.FriendRelationService. No provider available for the service com.cheeseocean.im.common.api.friend.FriendRelationService from registry Directory(invokers: 1[127.0.0.1], validInvokers: 0[], invokersToReconnect: 1[127.0.0.1]) on the consumer 192.168.31.22 using the dubbo version 3.2.8. Please check if the providers have been started and registered.
	at org.apache.dubbo.rpc.cluster.support.AbstractClusterInvoker.checkInvokers(AbstractClusterInvoker.java:370)
	at org.apache.dubbo.rpc.cluster.support.FailoverClusterInvoker.doInvoke(FailoverClusterInvoker.java:73)
	at org.apache.dubbo.rpc.cluster.support.AbstractClusterInvoker.invoke(AbstractClusterInvoker.java:344)
	at org.apache.dubbo.rpc.cluster.router.RouterSnapshotFilter.invoke(RouterSnapshotFilter.java:46)
	at org.apache.dubbo.rpc.cluster.filter.FilterChainBuilder$CopyOfFilterChainNode.invoke(FilterChainBuilder.java:334)
	at org.apache.dubbo.monitor.support.MonitorFilter.invoke(MonitorFilter.java:108)
	at org.apache.dubbo.rpc.cluster.filter.FilterChainBuilder$CopyOfFilterChainNode.invoke(FilterChainBuilder.java:334)
	at org.apache.dubbo.rpc.cluster.filter.support.MetricsClusterFilter.invoke(MetricsClusterFilter.java:59)
	at org.apache.dubbo.rpc.cluster.filter.FilterChainBuilder$CopyOfFilterChainNode.invoke(FilterChainBuilder.java:334)
	at org.apache.dubbo.rpc.protocol.dubbo.filter.FutureFilter.invoke(FutureFilter.java:52)
	at org.apache.dubbo.rpc.cluster.filter.FilterChainBuilder$CopyOfFilterChainNode.invoke(FilterChainBuilder.java:334)
	at org.apache.dubbo.rpc.cluster.filter.support.ObservationSenderFilter.invoke(ObservationSenderFilter.java:61)
	at org.apache.dubbo.rpc.cluster.filter.FilterChainBuilder$CopyOfFilterChainNode.invoke(FilterChainBuilder.java:334)
	at org.apache.dubbo.spring.security.filter.ContextHolderParametersSelectedTransferFilter.invoke(ContextHolderParametersSelectedTransferFilter.java:41)
	at org.apache.dubbo.rpc.cluster.filter.FilterChainBuilder$CopyOfFilterChainNode.invoke(FilterChainBuilder.java:334)
	at org.apache.dubbo.metrics.filter.MetricsFilter.invoke(MetricsFilter.java:76)
	at org.apache.dubbo.rpc.cluster.filter.support.MetricsConsumerFilter.invoke(MetricsConsumerFilter.java:37)
	at org.apache.dubbo.rpc.cluster.filter.FilterChainBuilder$CopyOfFilterChainNode.invoke(FilterChainBuilder.java:334)
	at org.apache.dubbo.rpc.cluster.filter.support.ConsumerClassLoaderFilter.invoke(ConsumerClassLoaderFilter.java:40)
	at org.apache.dubbo.rpc.cluster.filter.FilterChainBuilder$CopyOfFilterChainNode.invoke(FilterChainBuilder.java:334)
	at org.apache.dubbo.rpc.cluster.filter.support.ConsumerContextFilter.invoke(ConsumerContextFilter.java:116)
	at org.apache.dubbo.rpc.cluster.filter.FilterChainBuilder$CopyOfFilterChainNode.invoke(FilterChainBuilder.java:334)
	at org.apache.dubbo.rpc.cluster.filter.FilterChainBuilder$CallbackRegistrationInvoker.invoke(FilterChainBuilder.java:196)
	at org.apache.dubbo.rpc.cluster.support.wrapper.AbstractCluster$ClusterFilterInvoker.invoke(AbstractCluster.java:91)
	at org.apache.dubbo.rpc.cluster.support.wrapper.MockClusterInvoker.invoke(MockClusterInvoker.java:103)
	at org.apache.dubbo.rpc.cluster.support.wrapper.ScopeClusterInvoker.invoke(ScopeClusterInvoker.java:163)
	at org.apache.dubbo.rpc.proxy.InvocationUtil.invoke(InvocationUtil.java:61)
	at org.apache.dubbo.rpc.proxy.InvokerInvocationHandler.invoke(InvokerInvocationHandler.java:75)
	at com.cheeseocean.im.common.api.friend.FriendRelationServiceDubboProxy9.isBlocked(FriendRelationServiceDubboProxy9.java)
	at java.base/jdk.internal.reflect.NativeMethodAccessorImpl.invoke0(Native Method)
	at java.base/jdk.internal.reflect.NativeMethodAccessorImpl.invoke(NativeMethodAccessorImpl.java:77)
	at java.base/jdk.internal.reflect.DelegatingMethodAccessorImpl.invoke(DelegatingMethodAccessorImpl.java:43)
	at java.base/java.lang.reflect.Method.invoke(Method.java:568)
	at org.apache.dubbo.config.spring.util.LazyTargetInvocationHandler.invoke(LazyTargetInvocationHandler.java:54)
	at com.cheeseocean.im.common.api.friend.FriendRelationServiceDubboProxy9.isBlocked(FriendRelationServiceDubboProxy9.java)
	at com.cheeseocean.im.postbox.service.MessageSenderImpl.checkSingleChatPermission(MessageSenderImpl.java:109)
	at com.cheeseocean.im.postbox.service.MessageSenderImpl.sendMessage(MessageSenderImpl.java:64)
	at com.cheeseocean.im.postbox.service.MessageSenderImplDubboWrap2.invokeMethod(MessageSenderImplDubboWrap2.java)
	at org.apache.dubbo.rpc.proxy.javassist.JavassistProxyFactory$1.doInvoke(JavassistProxyFactory.java:73)
	at org.apache.dubbo.rpc.proxy.AbstractProxyInvoker.invoke(AbstractProxyInvoker.java:100)
	at org.apache.dubbo.config.invoker.DelegateProviderMetaDataInvoker.invoke(DelegateProviderMetaDataInvoker.java:55)
	at org.apache.dubbo.rpc.filter.ClassLoaderCallbackFilter.invoke(ClassLoaderCallbackFilter.java:38)
	at org.apache.dubbo.rpc.cluster.filter.FilterChainBuilder$CopyOfFilterChainNode.invoke(FilterChainBuilder.java:334)
	at org.apache.dubbo.rpc.protocol.dubbo.filter.TraceFilter.invoke(TraceFilter.java:80)
	at org.apache.dubbo.rpc.cluster.filter.FilterChainBuilder$CopyOfFilterChainNode.invoke(FilterChainBuilder.java:334)
	at org.apache.dubbo.rpc.filter.TimeoutFilter.invoke(TimeoutFilter.java:45)
	at org.apache.dubbo.rpc.cluster.filter.FilterChainBuilder$CopyOfFilterChainNode.invoke(FilterChainBuilder.java:334)
	at org.apache.dubbo.monitor.support.MonitorFilter.invoke(MonitorFilter.java:108)
	at org.apache.dubbo.rpc.cluster.filter.FilterChainBuilder$CopyOfFilterChainNode.invoke(FilterChainBuilder.java:334)
	at org.apache.dubbo.rpc.filter.ExceptionFilter.invoke(ExceptionFilter.java:55)
	at org.apache.dubbo.rpc.cluster.filter.FilterChainBuilder$CopyOfFilterChainNode.invoke(FilterChainBuilder.java:334)
	at org.apache.dubbo.rpc.filter.AccessLogFilter.invoke(AccessLogFilter.java:119)
	at org.apache.dubbo.rpc.cluster.filter.FilterChainBuilder$CopyOfFilterChainNode.invoke(FilterChainBuilder.java:334)
	at org.apache.dubbo.metrics.observation.ObservationReceiverFilter.invoke(ObservationReceiverFilter.java:56)
	at org.apache.dubbo.rpc.cluster.filter.FilterChainBuilder$CopyOfFilterChainNode.invoke(FilterChainBuilder.java:334)
	at org.apache.dubbo.rpc.filter.GenericFilter.invoke(GenericFilter.java:208)
	at org.apache.dubbo.rpc.cluster.filter.FilterChainBuilder$CopyOfFilterChainNode.invoke(FilterChainBuilder.java:334)
	at org.apache.dubbo.rpc.filter.ClassLoaderFilter.invoke(ClassLoaderFilter.java:54)
	at org.apache.dubbo.rpc.cluster.filter.FilterChainBuilder$CopyOfFilterChainNode.invoke(FilterChainBuilder.java:334)
	at org.apache.dubbo.rpc.filter.EchoFilter.invoke(EchoFilter.java:41)
	at org.apache.dubbo.rpc.cluster.filter.FilterChainBuilder$CopyOfFilterChainNode.invoke(FilterChainBuilder.java:334)
	at org.apache.dubbo.metrics.filter.MetricsFilter.invoke(MetricsFilter.java:76)
	at org.apache.dubbo.metrics.filter.MetricsProviderFilter.invoke(MetricsProviderFilter.java:36)
	at org.apache.dubbo.rpc.cluster.filter.FilterChainBuilder$CopyOfFilterChainNode.invoke(FilterChainBuilder.java:334)
	at org.apache.dubbo.rpc.filter.ProfilerServerFilter.invoke(ProfilerServerFilter.java:64)
	at org.apache.dubbo.rpc.cluster.filter.FilterChainBuilder$CopyOfFilterChainNode.invoke(FilterChainBuilder.java:334)
	at org.apache.dubbo.rpc.filter.ContextFilter.invoke(ContextFilter.java:144)
	at org.apache.dubbo.rpc.cluster.filter.FilterChainBuilder$CopyOfFilterChainNode.invoke(FilterChainBuilder.java:334)
	at org.apache.dubbo.rpc.cluster.filter.FilterChainBuilder$CallbackRegistrationInvoker.invoke(FilterChainBuilder.java:196)
	at org.apache.dubbo.rpc.protocol.injvm.InjvmInvoker.doInvoke(InjvmInvoker.java:170)
	at org.apache.dubbo.rpc.protocol.AbstractInvoker.doInvokeAndReturn(AbstractInvoker.java:243)
	at org.apache.dubbo.rpc.protocol.AbstractInvoker.invoke(AbstractInvoker.java:187)
	at org.apache.dubbo.rpc.listener.ListenerInvokerWrapper.invoke(ListenerInvokerWrapper.java:71)
	at org.apache.dubbo.rpc.filter.RpcExceptionFilter.invoke(RpcExceptionFilter.java:41)
	at org.apache.dubbo.rpc.cluster.filter.FilterChainBuilder$CopyOfFilterChainNode.invoke(FilterChainBuilder.java:334)
	at org.apache.dubbo.rpc.cluster.filter.FilterChainBuilder$CallbackRegistrationInvoker.invoke(FilterChainBuilder.java:196)
	at org.apache.dubbo.rpc.protocol.ReferenceCountInvokerWrapper.invoke(ReferenceCountInvokerWrapper.java:95)
	at org.apache.dubbo.rpc.cluster.support.AbstractClusterInvoker.invokeWithContext(AbstractClusterInvoker.java:383)
	at org.apache.dubbo.rpc.cluster.support.FailoverClusterInvoker.doInvoke(FailoverClusterInvoker.java:80)
	at org.apache.dubbo.rpc.cluster.support.AbstractClusterInvoker.invoke(AbstractClusterInvoker.java:344)
	at org.apache.dubbo.rpc.cluster.router.RouterSnapshotFilter.invoke(RouterSnapshotFilter.java:46)
	at org.apache.dubbo.rpc.cluster.filter.FilterChainBuilder$CopyOfFilterChainNode.invoke(FilterChainBuilder.java:334)
	at org.apache.dubbo.monitor.support.MonitorFilter.invoke(MonitorFilter.java:108)
	at org.apache.dubbo.rpc.cluster.filter.FilterChainBuilder$CopyOfFilterChainNode.invoke(FilterChainBuilder.java:334)
	at org.apache.dubbo.rpc.cluster.filter.support.MetricsClusterFilter.invoke(MetricsClusterFilter.java:59)
	at org.apache.dubbo.rpc.cluster.filter.FilterChainBuilder$CopyOfFilterChainNode.invoke(FilterChainBuilder.java:334)
	at org.apache.dubbo.rpc.protocol.dubbo.filter.FutureFilter.invoke(FutureFilter.java:52)
	at org.apache.dubbo.rpc.cluster.filter.FilterChainBuilder$CopyOfFilterChainNode.invoke(FilterChainBuilder.java:334)
	at org.apache.dubbo.rpc.cluster.filter.support.ObservationSenderFilter.invoke(ObservationSenderFilter.java:61)
	at org.apache.dubbo.rpc.cluster.filter.FilterChainBuilder$CopyOfFilterChainNode.invoke(FilterChainBuilder.java:334)
	at org.apache.dubbo.spring.security.filter.ContextHolderParametersSelectedTransferFilter.invoke(ContextHolderParametersSelectedTransferFilter.java:41)
	at org.apache.dubbo.rpc.cluster.filter.FilterChainBuilder$CopyOfFilterChainNode.invoke(FilterChainBuilder.java:334)
	at org.apache.dubbo.metrics.filter.MetricsFilter.invoke(MetricsFilter.java:76)
	at org.apache.dubbo.rpc.cluster.filter.support.MetricsConsumerFilter.invoke(MetricsConsumerFilter.java:37)
	at org.apache.dubbo.rpc.cluster.filter.FilterChainBuilder$CopyOfFilterChainNode.invoke(FilterChainBuilder.java:334)
	at org.apache.dubbo.rpc.cluster.filter.support.ConsumerClassLoaderFilter.invoke(ConsumerClassLoaderFilter.java:40)
	at org.apache.dubbo.rpc.cluster.filter.FilterChainBuilder$CopyOfFilterChainNode.invoke(FilterChainBuilder.java:334)
	at org.apache.dubbo.rpc.cluster.filter.support.ConsumerContextFilter.invoke(ConsumerContextFilter.java:116)
	at org.apache.dubbo.rpc.cluster.filter.FilterChainBuilder$CopyOfFilterChainNode.invoke(FilterChainBuilder.java:334)
	at org.apache.dubbo.rpc.cluster.filter.FilterChainBuilder$CallbackRegistrationInvoker.invoke(FilterChainBuilder.java:196)
	at org.apache.dubbo.rpc.cluster.support.wrapper.AbstractCluster$ClusterFilterInvoker.invoke(AbstractCluster.java:91)
	at org.apache.dubbo.rpc.cluster.support.wrapper.MockClusterInvoker.invoke(MockClusterInvoker.java:103)
	at org.apache.dubbo.rpc.cluster.support.wrapper.ScopeClusterInvoker.invoke(ScopeClusterInvoker.java:163)
	... 39 common frames omitted
2026-04-08 15:25:27.802 [nioEventLoopGroup-8-1] WARN  cheese-im-postoffice - Message handling failed: commandType=CHAT_SEND, error=消息处理失败, from=/127.0.0.1:53275
2026-04-08 15:25:37.760 [nioEventLoopGroup-8-1] INFO  cheese-im-postoffice - TCP connection closed: /127.0.0.1:53275
2026-04-08 15:25:37.760 [nioEventLoopGroup-8-2] INFO  cheese-im-postoffice - TCP connection closed: /127.0.0.1:53277
2026-04-08 15:25:37.761 [nioEventLoopGroup-8-1] INFO  cheese-im-postoffice - Connection removed: userID=u100, connectionID=5b3b53bd5bb043c59c922eda8d6f883a, platform=Unknown, total=1
2026-04-08 15:25:37.761 [nioEventLoopGroup-8-1] INFO  cheese-im-postoffice - TCP connection removed: connectionID=5b3b53bd5bb043c59c922eda8d6f883a, userID=u100
2026-04-08 15:25:37.761 [nioEventLoopGroup-8-2] INFO  cheese-im-postoffice - Connection removed: userID=u200, connectionID=0b38e5ebf82149509a8fd0da7ee80bdc, platform=Unknown, total=0
2026-04-08 15:25:37.761 [nioEventLoopGroup-8-2] INFO  cheese-im-postoffice - TCP connection removed: connectionID=0b38e5ebf82149509a8fd0da7ee80bdc, userID=u200
2026-04-08 15:28:09.366 [nioEventLoopGroup-8-3] INFO  cheese-im-postoffice - TCP connection established: /127.0.0.1:54068
2026-04-08 15:28:09.366 [nioEventLoopGroup-8-3] INFO  cheese-im-postoffice - Pending connection registered: connectionID=f6f4b4b22ca44b88925a4298cdb2238d, remoteAddress=/127.0.0.1:54068
2026-04-08 15:28:09.366 [nioEventLoopGroup-8-3] INFO  cheese-im-postoffice - TCP connection created: connectionID=f6f4b4b22ca44b88925a4298cdb2238d, clientIP=127.0.0.1
2026-04-08 15:28:09.369 [nioEventLoopGroup-8-3] ERROR cheese-im-postoffice - Failed to encode TCP message to /127.0.0.1:54068
java.lang.IllegalArgumentException: Cannot construct instance of `java.util.LinkedHashMap` (although at least one Creator exists): no String-argument constructor/factory method to deserialize from String value ('连接成功')
 at [Source: UNKNOWN; byte offset: #UNKNOWN]
	at com.fasterxml.jackson.databind.ObjectMapper._convert(ObjectMapper.java:4544)
	at com.fasterxml.jackson.databind.ObjectMapper.convertValue(ObjectMapper.java:4475)
	at com.cheeseocean.im.common.api.protocol.ProtoEnvelopeMapper.toConnectResponse(ProtoEnvelopeMapper.java:71)
	at com.cheeseocean.im.common.api.protocol.ProtoEnvelopeMapper.toProto(ProtoEnvelopeMapper.java:40)
	at com.cheeseocean.im.postoffice.codec.TcpEnvelopeCodecSupport.encode(TcpEnvelopeCodecSupport.java:46)
	at com.cheeseocean.im.postoffice.codec.TcpEnvelopeEncoder.encode(TcpEnvelopeEncoder.java:23)
	at com.cheeseocean.im.postoffice.codec.TcpEnvelopeEncoder.encode(TcpEnvelopeEncoder.java:16)
	at io.netty.handler.codec.MessageToByteEncoder.write(MessageToByteEncoder.java:107)
	at io.netty.channel.AbstractChannelHandlerContext.invokeWrite0(AbstractChannelHandlerContext.java:893)
	at io.netty.channel.AbstractChannelHandlerContext.invokeWriteAndFlush(AbstractChannelHandlerContext.java:956)
	at io.netty.channel.AbstractChannelHandlerContext.write(AbstractChannelHandlerContext.java:982)
	at io.netty.channel.AbstractChannelHandlerContext.writeAndFlush(AbstractChannelHandlerContext.java:950)
	at io.netty.channel.AbstractChannelHandlerContext.writeAndFlush(AbstractChannelHandlerContext.java:1000)
	at com.cheeseocean.im.postoffice.server.TcpServerHandler.sendMessage(TcpServerHandler.java:206)
	at com.cheeseocean.im.postoffice.server.TcpServerHandler.channelActive(TcpServerHandler.java:70)
	at io.netty.channel.AbstractChannelHandlerContext.invokeChannelActive(AbstractChannelHandlerContext.java:260)
	at io.netty.channel.AbstractChannelHandlerContext.invokeChannelActive(AbstractChannelHandlerContext.java:238)
	at io.netty.channel.AbstractChannelHandlerContext.fireChannelActive(AbstractChannelHandlerContext.java:231)
	at io.netty.channel.ChannelInboundHandlerAdapter.channelActive(ChannelInboundHandlerAdapter.java:69)
	at io.netty.handler.timeout.IdleStateHandler.channelActive(IdleStateHandler.java:274)
	at io.netty.channel.AbstractChannelHandlerContext.invokeChannelActive(AbstractChannelHandlerContext.java:260)
	at io.netty.channel.AbstractChannelHandlerContext.invokeChannelActive(AbstractChannelHandlerContext.java:238)
	at io.netty.channel.AbstractChannelHandlerContext.fireChannelActive(AbstractChannelHandlerContext.java:231)
	at io.netty.channel.DefaultChannelPipeline$HeadContext.channelActive(DefaultChannelPipeline.java:1398)
	at io.netty.channel.AbstractChannelHandlerContext.invokeChannelActive(AbstractChannelHandlerContext.java:258)
	at io.netty.channel.AbstractChannelHandlerContext.invokeChannelActive(AbstractChannelHandlerContext.java:238)
	at io.netty.channel.DefaultChannelPipeline.fireChannelActive(DefaultChannelPipeline.java:895)
	at io.netty.channel.AbstractChannel$AbstractUnsafe.register0(AbstractChannel.java:522)
	at io.netty.channel.AbstractChannel$AbstractUnsafe.access$200(AbstractChannel.java:429)
	at io.netty.channel.AbstractChannel$AbstractUnsafe$1.run(AbstractChannel.java:486)
	at io.netty.util.concurrent.AbstractEventExecutor.runTask(AbstractEventExecutor.java:173)
	at io.netty.util.concurrent.AbstractEventExecutor.safeExecute(AbstractEventExecutor.java:166)
	at io.netty.util.concurrent.SingleThreadEventExecutor.runAllTasks(SingleThreadEventExecutor.java:470)
	at io.netty.channel.nio.NioEventLoop.run(NioEventLoop.java:569)
	at io.netty.util.concurrent.SingleThreadEventExecutor$4.run(SingleThreadEventExecutor.java:997)
	at io.netty.util.internal.ThreadExecutorMap$2.run(ThreadExecutorMap.java:74)
	at io.netty.util.concurrent.FastThreadLocalRunnable.run(FastThreadLocalRunnable.java:30)
	at java.base/java.lang.Thread.run(Thread.java:840)
Caused by: com.fasterxml.jackson.databind.exc.MismatchedInputException: Cannot construct instance of `java.util.LinkedHashMap` (although at least one Creator exists): no String-argument constructor/factory method to deserialize from String value ('连接成功')
 at [Source: UNKNOWN; byte offset: #UNKNOWN]
	at com.fasterxml.jackson.databind.exc.MismatchedInputException.from(MismatchedInputException.java:63)
	at com.fasterxml.jackson.databind.DeserializationContext.reportInputMismatch(DeserializationContext.java:1739)
	at com.fasterxml.jackson.databind.DeserializationContext.handleMissingInstantiator(DeserializationContext.java:1364)
	at com.fasterxml.jackson.databind.deser.std.StdDeserializer._deserializeFromString(StdDeserializer.java:311)
	at com.fasterxml.jackson.databind.deser.std.MapDeserializer.deserialize(MapDeserializer.java:454)
	at com.fasterxml.jackson.databind.deser.std.MapDeserializer.deserialize(MapDeserializer.java:32)
	at com.fasterxml.jackson.databind.ObjectMapper._convert(ObjectMapper.java:4539)
	... 37 common frames omitted
2026-04-08 15:28:09.376 [nioEventLoopGroup-8-3] INFO  cheese-im-postoffice - Connection added: userID=u100, connectionID=f6f4b4b22ca44b88925a4298cdb2238d, platform=Unknown, total=1
2026-04-08 15:28:09.376 [nioEventLoopGroup-8-3] INFO  cheese-im-postoffice - Authentication success: userID=u100, sessionID=sess:u100:smoke-u100, deviceID=smoke-u100, connectionID=f6f4b4b22ca44b88925a4298cdb2238d
2026-04-08 15:28:09.384 [nioEventLoopGroup-8-4] INFO  cheese-im-postoffice - TCP connection established: /127.0.0.1:54070
2026-04-08 15:28:09.384 [nioEventLoopGroup-8-4] INFO  cheese-im-postoffice - Pending connection registered: connectionID=b4d53aaa0f674a0e8761ffe69ea6dea0, remoteAddress=/127.0.0.1:54070
2026-04-08 15:28:09.384 [nioEventLoopGroup-8-4] INFO  cheese-im-postoffice - TCP connection created: connectionID=b4d53aaa0f674a0e8761ffe69ea6dea0, clientIP=127.0.0.1
2026-04-08 15:28:09.385 [nioEventLoopGroup-8-4] ERROR cheese-im-postoffice - Failed to encode TCP message to /127.0.0.1:54070
java.lang.IllegalArgumentException: Cannot construct instance of `java.util.LinkedHashMap` (although at least one Creator exists): no String-argument constructor/factory method to deserialize from String value ('连接成功')
 at [Source: UNKNOWN; byte offset: #UNKNOWN]
	at com.fasterxml.jackson.databind.ObjectMapper._convert(ObjectMapper.java:4544)
	at com.fasterxml.jackson.databind.ObjectMapper.convertValue(ObjectMapper.java:4475)
	at com.cheeseocean.im.common.api.protocol.ProtoEnvelopeMapper.toConnectResponse(ProtoEnvelopeMapper.java:71)
	at com.cheeseocean.im.common.api.protocol.ProtoEnvelopeMapper.toProto(ProtoEnvelopeMapper.java:40)
	at com.cheeseocean.im.postoffice.codec.TcpEnvelopeCodecSupport.encode(TcpEnvelopeCodecSupport.java:46)
	at com.cheeseocean.im.postoffice.codec.TcpEnvelopeEncoder.encode(TcpEnvelopeEncoder.java:23)
	at com.cheeseocean.im.postoffice.codec.TcpEnvelopeEncoder.encode(TcpEnvelopeEncoder.java:16)
	at io.netty.handler.codec.MessageToByteEncoder.write(MessageToByteEncoder.java:107)
	at io.netty.channel.AbstractChannelHandlerContext.invokeWrite0(AbstractChannelHandlerContext.java:893)
	at io.netty.channel.AbstractChannelHandlerContext.invokeWriteAndFlush(AbstractChannelHandlerContext.java:956)
	at io.netty.channel.AbstractChannelHandlerContext.write(AbstractChannelHandlerContext.java:982)
	at io.netty.channel.AbstractChannelHandlerContext.writeAndFlush(AbstractChannelHandlerContext.java:950)
	at io.netty.channel.AbstractChannelHandlerContext.writeAndFlush(AbstractChannelHandlerContext.java:1000)
	at com.cheeseocean.im.postoffice.server.TcpServerHandler.sendMessage(TcpServerHandler.java:206)
	at com.cheeseocean.im.postoffice.server.TcpServerHandler.channelActive(TcpServerHandler.java:70)
	at io.netty.channel.AbstractChannelHandlerContext.invokeChannelActive(AbstractChannelHandlerContext.java:260)
	at io.netty.channel.AbstractChannelHandlerContext.invokeChannelActive(AbstractChannelHandlerContext.java:238)
	at io.netty.channel.AbstractChannelHandlerContext.fireChannelActive(AbstractChannelHandlerContext.java:231)
	at io.netty.channel.ChannelInboundHandlerAdapter.channelActive(ChannelInboundHandlerAdapter.java:69)
	at io.netty.handler.timeout.IdleStateHandler.channelActive(IdleStateHandler.java:274)
	at io.netty.channel.AbstractChannelHandlerContext.invokeChannelActive(AbstractChannelHandlerContext.java:260)
	at io.netty.channel.AbstractChannelHandlerContext.invokeChannelActive(AbstractChannelHandlerContext.java:238)
	at io.netty.channel.AbstractChannelHandlerContext.fireChannelActive(AbstractChannelHandlerContext.java:231)
	at io.netty.channel.DefaultChannelPipeline$HeadContext.channelActive(DefaultChannelPipeline.java:1398)
	at io.netty.channel.AbstractChannelHandlerContext.invokeChannelActive(AbstractChannelHandlerContext.java:258)
	at io.netty.channel.AbstractChannelHandlerContext.invokeChannelActive(AbstractChannelHandlerContext.java:238)
	at io.netty.channel.DefaultChannelPipeline.fireChannelActive(DefaultChannelPipeline.java:895)
	at io.netty.channel.AbstractChannel$AbstractUnsafe.register0(AbstractChannel.java:522)
	at io.netty.channel.AbstractChannel$AbstractUnsafe.access$200(AbstractChannel.java:429)
	at io.netty.channel.AbstractChannel$AbstractUnsafe$1.run(AbstractChannel.java:486)
	at io.netty.util.concurrent.AbstractEventExecutor.runTask(AbstractEventExecutor.java:173)
	at io.netty.util.concurrent.AbstractEventExecutor.safeExecute(AbstractEventExecutor.java:166)
	at io.netty.util.concurrent.SingleThreadEventExecutor.runAllTasks(SingleThreadEventExecutor.java:470)
	at io.netty.channel.nio.NioEventLoop.run(NioEventLoop.java:569)
	at io.netty.util.concurrent.SingleThreadEventExecutor$4.run(SingleThreadEventExecutor.java:997)
	at io.netty.util.internal.ThreadExecutorMap$2.run(ThreadExecutorMap.java:74)
	at io.netty.util.concurrent.FastThreadLocalRunnable.run(FastThreadLocalRunnable.java:30)
	at java.base/java.lang.Thread.run(Thread.java:840)
Caused by: com.fasterxml.jackson.databind.exc.MismatchedInputException: Cannot construct instance of `java.util.LinkedHashMap` (although at least one Creator exists): no String-argument constructor/factory method to deserialize from String value ('连接成功')
 at [Source: UNKNOWN; byte offset: #UNKNOWN]
	at com.fasterxml.jackson.databind.exc.MismatchedInputException.from(MismatchedInputException.java:63)
	at com.fasterxml.jackson.databind.DeserializationContext.reportInputMismatch(DeserializationContext.java:1739)
	at com.fasterxml.jackson.databind.DeserializationContext.handleMissingInstantiator(DeserializationContext.java:1364)
	at com.fasterxml.jackson.databind.deser.std.StdDeserializer._deserializeFromString(StdDeserializer.java:311)
	at com.fasterxml.jackson.databind.deser.std.MapDeserializer.deserialize(MapDeserializer.java:454)
	at com.fasterxml.jackson.databind.deser.std.MapDeserializer.deserialize(MapDeserializer.java:32)
	at com.fasterxml.jackson.databind.ObjectMapper._convert(ObjectMapper.java:4539)
	... 37 common frames omitted
2026-04-08 15:28:09.396 [nioEventLoopGroup-8-4] INFO  cheese-im-postoffice - Connection added: userID=u200, connectionID=b4d53aaa0f674a0e8761ffe69ea6dea0, platform=Unknown, total=2
2026-04-08 15:28:09.396 [nioEventLoopGroup-8-4] INFO  cheese-im-postoffice - Authentication success: userID=u200, sessionID=sess:u200:smoke-u200, deviceID=smoke-u200, connectionID=b4d53aaa0f674a0e8761ffe69ea6dea0
2026-04-08 15:28:09.423 [nioEventLoopGroup-8-3] INFO  cheese-im-postoffice - Message accepted successfully: userID=u100, clientMsgID=smoke-a, serverMsgID=msg_1775633289402_1
2026-04-08 15:28:19.399 [nioEventLoopGroup-8-4] INFO  cheese-im-postoffice - TCP connection closed: /127.0.0.1:54070
2026-04-08 15:28:19.399 [nioEventLoopGroup-8-3] INFO  cheese-im-postoffice - TCP connection closed: /127.0.0.1:54068
2026-04-08 15:28:19.399 [nioEventLoopGroup-8-4] INFO  cheese-im-postoffice - Connection removed: userID=u200, connectionID=b4d53aaa0f674a0e8761ffe69ea6dea0, platform=Unknown, total=1
2026-04-08 15:28:19.399 [nioEventLoopGroup-8-4] INFO  cheese-im-postoffice - TCP connection removed: connectionID=b4d53aaa0f674a0e8761ffe69ea6dea0, userID=u200
2026-04-08 15:28:19.399 [nioEventLoopGroup-8-3] INFO  cheese-im-postoffice - Connection removed: userID=u100, connectionID=f6f4b4b22ca44b88925a4298cdb2238d, platform=Unknown, total=0
2026-04-08 15:28:19.399 [nioEventLoopGroup-8-3] INFO  cheese-im-postoffice - TCP connection removed: connectionID=f6f4b4b22ca44b88925a4298cdb2238d, userID=u100
2026-04-08 15:34:59.094 [SpringApplicationShutdownHook] INFO  cheese-im-postoffice - Shutting down WebSocket Server...
2026-04-08 15:34:59.096 [SpringApplicationShutdownHook] INFO  cheese-im-postoffice - ConnectionManager destroyed
2026-04-08 15:34:59.101 [SpringApplicationShutdownHook] INFO  cheese-im-postoffice - WebSocket Server shutdown completed
2026-04-08 15:34:59.101 [SpringApplicationShutdownHook] INFO  cheese-im-postoffice - Shutting down TCP Server...
2026-04-08 15:34:59.106 [SpringApplicationShutdownHook] INFO  cheese-im-postoffice - TCP Server shutdown completed
2026-04-08 15:35:29.903 [main] INFO  cheese-im-postoffice - Registered command handler: CHAT_SEND -> ChatMessageHandler
2026-04-08 15:35:29.904 [main] INFO  cheese-im-postoffice - Registered command handler: AUTH -> AuthMessageHandler
2026-04-08 15:35:29.904 [main] INFO  cheese-im-postoffice - Registered command handler: HEARTBEAT -> HeartbeatMessageHandler
2026-04-08 15:35:29.904 [main] INFO  cheese-im-postoffice - MessageHandlerFactory initialized with 3 handlers
2026-04-08 15:35:31.702 [main] INFO  cheese-im-postoffice - Starting TCP Server on port: 5148
2026-04-08 15:35:31.702 [main] INFO  cheese-im-postoffice - TCP SSL is disabled
2026-04-08 15:35:31.703 [main] INFO  cheese-im-postoffice - TCP Server started successfully on port: 5148
2026-04-08 15:35:31.703 [main] INFO  cheese-im-postoffice - TCP Server configuration: bossThreads=1, workerThreads=16, backlog=1024
2026-04-08 15:35:31.703 [main] INFO  cheese-im-postoffice - Starting WebSocket Server with config: ServerProperties.WebSocketConfig(enabled=true, path=/ws)
2026-04-08 15:35:31.704 [main] INFO  cheese-im-postoffice - ConnectionManager initialized, multiLoginStrategy: 同终端踢下线, timeoutMs: 300000
2026-04-08 15:35:31.705 [main] INFO  cheese-im-postoffice - WebSocket Server started successfully on port 5147
2026-04-08 15:35:31.705 [main] INFO  cheese-im-postoffice - WebSocket endpoint: ws://localhost:5147/ws
2026-04-08 15:35:31.705 [main] INFO  cheese-im-postoffice - Server configuration: bossThreads=1, workerThreads=16, maxConnections=10000
2026-04-08 15:38:03.681 [nioEventLoopGroup-8-1] INFO  cheese-im-postoffice - TCP connection established: /127.0.0.1:57019
2026-04-08 15:38:03.682 [nioEventLoopGroup-8-1] INFO  cheese-im-postoffice - Pending connection registered: connectionID=2b75cb6d3db943ddb446fd59dfaaa7fc, remoteAddress=/127.0.0.1:57019
2026-04-08 15:38:03.682 [nioEventLoopGroup-8-1] INFO  cheese-im-postoffice - TCP connection created: connectionID=2b75cb6d3db943ddb446fd59dfaaa7fc, clientIP=127.0.0.1
2026-04-08 15:38:03.762 [nioEventLoopGroup-8-1] INFO  cheese-im-postoffice - Connection added: userID=u100, connectionID=2b75cb6d3db943ddb446fd59dfaaa7fc, platform=Unknown, total=1
2026-04-08 15:38:03.762 [nioEventLoopGroup-8-1] INFO  cheese-im-postoffice - Authentication success: userID=u100, sessionID=sess:u100:smoke-u100, deviceID=smoke-u100, connectionID=2b75cb6d3db943ddb446fd59dfaaa7fc
2026-04-08 15:38:03.765 [nioEventLoopGroup-8-1] ERROR cheese-im-postoffice - Exception in TcpMessageDecoder from /127.0.0.1:57019
java.net.SocketException: Connection reset
	at java.base/sun.nio.ch.SocketChannelImpl.throwConnectionReset(SocketChannelImpl.java:394)
	at java.base/sun.nio.ch.SocketChannelImpl.read(SocketChannelImpl.java:426)
	at io.netty.buffer.PooledByteBuf.setBytes(PooledByteBuf.java:255)
	at io.netty.buffer.AbstractByteBuf.writeBytes(AbstractByteBuf.java:1132)
	at io.netty.channel.socket.nio.NioSocketChannel.doReadBytes(NioSocketChannel.java:357)
	at io.netty.channel.nio.AbstractNioByteChannel$NioByteUnsafe.read(AbstractNioByteChannel.java:151)
	at io.netty.channel.nio.NioEventLoop.processSelectedKey(NioEventLoop.java:788)
	at io.netty.channel.nio.NioEventLoop.processSelectedKeysOptimized(NioEventLoop.java:724)
	at io.netty.channel.nio.NioEventLoop.processSelectedKeys(NioEventLoop.java:650)
	at io.netty.channel.nio.NioEventLoop.run(NioEventLoop.java:562)
	at io.netty.util.concurrent.SingleThreadEventExecutor$4.run(SingleThreadEventExecutor.java:997)
	at io.netty.util.internal.ThreadExecutorMap$2.run(ThreadExecutorMap.java:74)
	at io.netty.util.concurrent.FastThreadLocalRunnable.run(FastThreadLocalRunnable.java:30)
	at java.base/java.lang.Thread.run(Thread.java:840)
2026-04-08 15:38:03.768 [nioEventLoopGroup-8-1] INFO  cheese-im-postoffice - TCP connection closed: /127.0.0.1:57019
2026-04-08 15:38:03.768 [nioEventLoopGroup-8-1] INFO  cheese-im-postoffice - Connection removed: userID=u100, connectionID=2b75cb6d3db943ddb446fd59dfaaa7fc, platform=Unknown, total=0
2026-04-08 15:38:03.768 [nioEventLoopGroup-8-1] INFO  cheese-im-postoffice - TCP connection removed: connectionID=2b75cb6d3db943ddb446fd59dfaaa7fc, userID=u100
2026-04-08 15:39:22.197 [nioEventLoopGroup-8-2] INFO  cheese-im-postoffice - TCP connection established: /127.0.0.1:57424
2026-04-08 15:39:22.198 [nioEventLoopGroup-8-2] INFO  cheese-im-postoffice - Pending connection registered: connectionID=a764e93a9c094702b860c294c327babc, remoteAddress=/127.0.0.1:57424
2026-04-08 15:39:22.198 [nioEventLoopGroup-8-2] INFO  cheese-im-postoffice - TCP connection created: connectionID=a764e93a9c094702b860c294c327babc, clientIP=127.0.0.1
2026-04-08 15:39:22.203 [nioEventLoopGroup-8-2] INFO  cheese-im-postoffice - Connection added: userID=u100, connectionID=a764e93a9c094702b860c294c327babc, platform=Unknown, total=1
2026-04-08 15:39:22.203 [nioEventLoopGroup-8-2] INFO  cheese-im-postoffice - Authentication success: userID=u100, sessionID=sess:u100:smoke-u100, deviceID=smoke-u100, connectionID=a764e93a9c094702b860c294c327babc
2026-04-08 15:39:22.207 [nioEventLoopGroup-8-3] INFO  cheese-im-postoffice - TCP connection established: /127.0.0.1:57426
2026-04-08 15:39:22.207 [nioEventLoopGroup-8-3] INFO  cheese-im-postoffice - Pending connection registered: connectionID=aaf5a4e0d5ec440a950f7a1901761f17, remoteAddress=/127.0.0.1:57426
2026-04-08 15:39:22.207 [nioEventLoopGroup-8-3] INFO  cheese-im-postoffice - TCP connection created: connectionID=aaf5a4e0d5ec440a950f7a1901761f17, clientIP=127.0.0.1
2026-04-08 15:39:22.213 [nioEventLoopGroup-8-3] INFO  cheese-im-postoffice - Connection added: userID=u200, connectionID=aaf5a4e0d5ec440a950f7a1901761f17, platform=Unknown, total=2
2026-04-08 15:39:22.213 [nioEventLoopGroup-8-3] INFO  cheese-im-postoffice - Authentication success: userID=u200, sessionID=sess:u200:smoke-u200, deviceID=smoke-u200, connectionID=aaf5a4e0d5ec440a950f7a1901761f17
2026-04-08 15:39:22.277 [nioEventLoopGroup-8-2] INFO  cheese-im-postoffice - Message accepted successfully: userID=u100, clientMsgID=smoke-a, serverMsgID=msg_1775633962265_1
2026-04-08 15:39:32.216 [nioEventLoopGroup-8-2] INFO  cheese-im-postoffice - TCP connection closed: /127.0.0.1:57424
2026-04-08 15:39:32.216 [nioEventLoopGroup-8-3] INFO  cheese-im-postoffice - TCP connection closed: /127.0.0.1:57426
2026-04-08 15:39:32.217 [nioEventLoopGroup-8-2] INFO  cheese-im-postoffice - Connection removed: userID=u100, connectionID=a764e93a9c094702b860c294c327babc, platform=Unknown, total=1
2026-04-08 15:39:32.217 [nioEventLoopGroup-8-2] INFO  cheese-im-postoffice - TCP connection removed: connectionID=a764e93a9c094702b860c294c327babc, userID=u100
2026-04-08 15:39:32.217 [nioEventLoopGroup-8-3] INFO  cheese-im-postoffice - Connection removed: userID=u200, connectionID=aaf5a4e0d5ec440a950f7a1901761f17, platform=Unknown, total=0
2026-04-08 15:39:32.217 [nioEventLoopGroup-8-3] INFO  cheese-im-postoffice - TCP connection removed: connectionID=aaf5a4e0d5ec440a950f7a1901761f17, userID=u200
2026-04-08 15:40:28.547 [SpringApplicationShutdownHook] INFO  cheese-im-postoffice - Shutting down WebSocket Server...
2026-04-08 15:40:28.547 [SpringApplicationShutdownHook] INFO  cheese-im-postoffice - ConnectionManager destroyed
2026-04-08 15:40:28.548 [SpringApplicationShutdownHook] INFO  cheese-im-postoffice - WebSocket Server shutdown completed
2026-04-08 15:40:28.549 [SpringApplicationShutdownHook] INFO  cheese-im-postoffice - Shutting down TCP Server...
2026-04-08 15:40:28.550 [SpringApplicationShutdownHook] INFO  cheese-im-postoffice - TCP Server shutdown completed
2026-04-08 15:40:43.073 [main] INFO  cheese-im-postoffice - Registered command handler: CHAT_SEND -> ChatMessageHandler
2026-04-08 15:40:43.073 [main] INFO  cheese-im-postoffice - Registered command handler: AUTH -> AuthMessageHandler
2026-04-08 15:40:43.073 [main] INFO  cheese-im-postoffice - Registered command handler: HEARTBEAT -> HeartbeatMessageHandler
2026-04-08 15:40:43.074 [main] INFO  cheese-im-postoffice - MessageHandlerFactory initialized with 3 handlers
2026-04-08 15:40:44.884 [main] INFO  cheese-im-postoffice - Starting TCP Server on port: 5148
2026-04-08 15:40:44.885 [main] INFO  cheese-im-postoffice - TCP SSL is disabled
2026-04-08 15:40:44.886 [main] INFO  cheese-im-postoffice - TCP Server started successfully on port: 5148
2026-04-08 15:40:44.886 [main] INFO  cheese-im-postoffice - TCP Server configuration: bossThreads=1, workerThreads=16, backlog=1024
2026-04-08 15:40:44.886 [main] INFO  cheese-im-postoffice - Starting WebSocket Server with config: ServerProperties.WebSocketConfig(enabled=true, path=/ws)
2026-04-08 15:40:44.886 [main] INFO  cheese-im-postoffice - ConnectionManager initialized, multiLoginStrategy: 同终端踢下线, timeoutMs: 300000
2026-04-08 15:40:44.887 [main] INFO  cheese-im-postoffice - WebSocket Server started successfully on port 5147
2026-04-08 15:40:44.887 [main] INFO  cheese-im-postoffice - WebSocket endpoint: ws://localhost:5147/ws
2026-04-08 15:40:44.887 [main] INFO  cheese-im-postoffice - Server configuration: bossThreads=1, workerThreads=16, maxConnections=10000
2026-04-08 15:42:36.107 [nioEventLoopGroup-8-1] INFO  cheese-im-postoffice - TCP connection established: /127.0.0.1:58400
2026-04-08 15:42:36.108 [nioEventLoopGroup-8-1] INFO  cheese-im-postoffice - Pending connection registered: connectionID=3663537725364200912a2cec310e57f2, remoteAddress=/127.0.0.1:58400
2026-04-08 15:42:36.108 [nioEventLoopGroup-8-1] INFO  cheese-im-postoffice - TCP connection created: connectionID=3663537725364200912a2cec310e57f2, clientIP=127.0.0.1
2026-04-08 15:42:36.186 [nioEventLoopGroup-8-1] INFO  cheese-im-postoffice - Connection added: userID=u100, connectionID=3663537725364200912a2cec310e57f2, platform=Unknown, total=1
2026-04-08 15:42:36.186 [nioEventLoopGroup-8-1] INFO  cheese-im-postoffice - Authentication success: userID=u100, sessionID=sess:u100:smoke-u100, deviceID=smoke-u100, connectionID=3663537725364200912a2cec310e57f2
2026-04-08 15:42:36.193 [nioEventLoopGroup-8-2] INFO  cheese-im-postoffice - TCP connection established: /127.0.0.1:58403
2026-04-08 15:42:36.193 [nioEventLoopGroup-8-2] INFO  cheese-im-postoffice - Pending connection registered: connectionID=0fc03c8029a6425ab35075abf33b466e, remoteAddress=/127.0.0.1:58403
2026-04-08 15:42:36.193 [nioEventLoopGroup-8-2] INFO  cheese-im-postoffice - TCP connection created: connectionID=0fc03c8029a6425ab35075abf33b466e, clientIP=127.0.0.1
2026-04-08 15:42:36.196 [nioEventLoopGroup-8-2] INFO  cheese-im-postoffice - Connection added: userID=u200, connectionID=0fc03c8029a6425ab35075abf33b466e, platform=Unknown, total=2
2026-04-08 15:42:36.196 [nioEventLoopGroup-8-2] INFO  cheese-im-postoffice - Authentication success: userID=u200, sessionID=sess:u200:smoke-u200, deviceID=smoke-u200, connectionID=0fc03c8029a6425ab35075abf33b466e
2026-04-08 15:42:36.239 [nioEventLoopGroup-8-1] INFO  cheese-im-postoffice - Message accepted successfully: userID=u100, clientMsgID=smoke-a, serverMsgID=msg_1775634156232_1
2026-04-08 15:42:46.207 [nioEventLoopGroup-8-1] INFO  cheese-im-postoffice - TCP connection closed: /127.0.0.1:58400
2026-04-08 15:42:46.207 [nioEventLoopGroup-8-2] INFO  cheese-im-postoffice - TCP connection closed: /127.0.0.1:58403
2026-04-08 15:42:46.210 [nioEventLoopGroup-8-2] INFO  cheese-im-postoffice - Connection removed: userID=u200, connectionID=0fc03c8029a6425ab35075abf33b466e, platform=Unknown, total=1
2026-04-08 15:42:46.210 [nioEventLoopGroup-8-2] INFO  cheese-im-postoffice - TCP connection removed: connectionID=0fc03c8029a6425ab35075abf33b466e, userID=u200
2026-04-08 15:42:46.210 [nioEventLoopGroup-8-1] INFO  cheese-im-postoffice - Connection removed: userID=u100, connectionID=3663537725364200912a2cec310e57f2, platform=Unknown, total=0
2026-04-08 15:42:46.210 [nioEventLoopGroup-8-1] INFO  cheese-im-postoffice - TCP connection removed: connectionID=3663537725364200912a2cec310e57f2, userID=u100
2026-04-08 15:45:19.276 [SpringApplicationShutdownHook] INFO  cheese-im-postoffice - Shutting down WebSocket Server...
2026-04-08 15:45:19.277 [SpringApplicationShutdownHook] INFO  cheese-im-postoffice - ConnectionManager destroyed
2026-04-08 15:45:19.278 [SpringApplicationShutdownHook] INFO  cheese-im-postoffice - WebSocket Server shutdown completed
2026-04-08 15:45:19.278 [SpringApplicationShutdownHook] INFO  cheese-im-postoffice - Shutting down TCP Server...
2026-04-08 15:45:19.279 [SpringApplicationShutdownHook] INFO  cheese-im-postoffice - TCP Server shutdown completed
2026-04-08 15:45:26.389 [main] INFO  cheese-im-postoffice - Registered command handler: CHAT_SEND -> ChatMessageHandler
2026-04-08 15:45:26.390 [main] INFO  cheese-im-postoffice - Registered command handler: AUTH -> AuthMessageHandler
2026-04-08 15:45:26.390 [main] INFO  cheese-im-postoffice - Registered command handler: HEARTBEAT -> HeartbeatMessageHandler
2026-04-08 15:45:26.390 [main] INFO  cheese-im-postoffice - MessageHandlerFactory initialized with 3 handlers
2026-04-08 15:45:28.467 [main] INFO  cheese-im-postoffice - Starting TCP Server on port: 5148
2026-04-08 15:45:28.467 [main] INFO  cheese-im-postoffice - TCP SSL is disabled
2026-04-08 15:45:28.470 [main] INFO  cheese-im-postoffice - TCP Server started successfully on port: 5148
2026-04-08 15:45:28.471 [main] INFO  cheese-im-postoffice - TCP Server configuration: bossThreads=1, workerThreads=16, backlog=1024
2026-04-08 15:45:28.472 [main] INFO  cheese-im-postoffice - Starting WebSocket Server with config: ServerProperties.WebSocketConfig(enabled=true, path=/ws)
2026-04-08 15:45:28.473 [main] INFO  cheese-im-postoffice - ConnectionManager initialized, multiLoginStrategy: 同终端踢下线, timeoutMs: 300000
2026-04-08 15:45:28.475 [main] INFO  cheese-im-postoffice - WebSocket Server started successfully on port 5147
2026-04-08 15:45:28.475 [main] INFO  cheese-im-postoffice - WebSocket endpoint: ws://localhost:5147/ws
2026-04-08 15:45:28.475 [main] INFO  cheese-im-postoffice - Server configuration: bossThreads=1, workerThreads=16, maxConnections=10000
2026-04-08 15:45:38.155 [nioEventLoopGroup-8-1] INFO  cheese-im-postoffice - TCP connection established: /127.0.0.1:59321
2026-04-08 15:45:38.156 [nioEventLoopGroup-8-1] INFO  cheese-im-postoffice - Pending connection registered: connectionID=5f49aa6eba2e4589bdd880117df8dd76, remoteAddress=/127.0.0.1:59321
2026-04-08 15:45:38.156 [nioEventLoopGroup-8-1] INFO  cheese-im-postoffice - TCP connection created: connectionID=5f49aa6eba2e4589bdd880117df8dd76, clientIP=127.0.0.1
2026-04-08 15:45:38.234 [nioEventLoopGroup-8-1] INFO  cheese-im-postoffice - Connection added: userID=u100, connectionID=5f49aa6eba2e4589bdd880117df8dd76, platform=Unknown, total=1
2026-04-08 15:45:38.234 [nioEventLoopGroup-8-1] INFO  cheese-im-postoffice - Authentication success: userID=u100, sessionID=sess:u100:smoke-u100, deviceID=smoke-u100, connectionID=5f49aa6eba2e4589bdd880117df8dd76
2026-04-08 15:45:38.241 [nioEventLoopGroup-8-2] INFO  cheese-im-postoffice - TCP connection established: /127.0.0.1:59323
2026-04-08 15:45:38.241 [nioEventLoopGroup-8-2] INFO  cheese-im-postoffice - Pending connection registered: connectionID=a0a32aa33e56432db17344cf0917324b, remoteAddress=/127.0.0.1:59323
2026-04-08 15:45:38.241 [nioEventLoopGroup-8-2] INFO  cheese-im-postoffice - TCP connection created: connectionID=a0a32aa33e56432db17344cf0917324b, clientIP=127.0.0.1
2026-04-08 15:45:38.244 [nioEventLoopGroup-8-2] INFO  cheese-im-postoffice - Connection added: userID=u200, connectionID=a0a32aa33e56432db17344cf0917324b, platform=Unknown, total=2
2026-04-08 15:45:38.244 [nioEventLoopGroup-8-2] INFO  cheese-im-postoffice - Authentication success: userID=u200, sessionID=sess:u200:smoke-u200, deviceID=smoke-u200, connectionID=a0a32aa33e56432db17344cf0917324b
2026-04-08 15:45:38.302 [nioEventLoopGroup-8-1] INFO  cheese-im-postoffice - Message accepted successfully: userID=u100, clientMsgID=smoke-a, serverMsgID=msg_1775634338297_1
2026-04-08 15:45:38.485 [nioEventLoopGroup-8-2] INFO  cheese-im-postoffice - Message accepted successfully: userID=u200, clientMsgID=smoke-b, serverMsgID=msg_1775634338485_2
2026-04-08 15:45:38.992 [nioEventLoopGroup-8-1] INFO  cheese-im-postoffice - TCP connection closed: /127.0.0.1:59321
2026-04-08 15:45:38.992 [nioEventLoopGroup-8-2] INFO  cheese-im-postoffice - TCP connection closed: /127.0.0.1:59323
2026-04-08 15:45:38.992 [nioEventLoopGroup-8-1] INFO  cheese-im-postoffice - Connection removed: userID=u100, connectionID=5f49aa6eba2e4589bdd880117df8dd76, platform=Unknown, total=1
2026-04-08 15:45:38.992 [nioEventLoopGroup-8-1] INFO  cheese-im-postoffice - TCP connection removed: connectionID=5f49aa6eba2e4589bdd880117df8dd76, userID=u100
2026-04-08 15:45:38.993 [nioEventLoopGroup-8-2] INFO  cheese-im-postoffice - Connection removed: userID=u200, connectionID=a0a32aa33e56432db17344cf0917324b, platform=Unknown, total=0
2026-04-08 15:45:38.993 [nioEventLoopGroup-8-2] INFO  cheese-im-postoffice - TCP connection removed: connectionID=a0a32aa33e56432db17344cf0917324b, userID=u200
2026-04-08 16:19:39.672 [SpringApplicationShutdownHook] INFO  cheese-im-postoffice - Shutting down WebSocket Server...
2026-04-08 16:19:39.673 [SpringApplicationShutdownHook] INFO  cheese-im-postoffice - ConnectionManager destroyed
2026-04-08 16:19:39.674 [SpringApplicationShutdownHook] INFO  cheese-im-postoffice - WebSocket Server shutdown completed
2026-04-08 16:19:39.675 [SpringApplicationShutdownHook] INFO  cheese-im-postoffice - Shutting down TCP Server...
2026-04-08 16:19:39.676 [SpringApplicationShutdownHook] INFO  cheese-im-postoffice - TCP Server shutdown completed
2026-04-08 16:22:12.236 [main] INFO  cheese-im-postoffice - Registered command handler: CHAT_SEND -> ChatMessageHandler
2026-04-08 16:22:12.237 [main] INFO  cheese-im-postoffice - Registered command handler: AUTH -> AuthMessageHandler
2026-04-08 16:22:12.237 [main] INFO  cheese-im-postoffice - Registered command handler: HEARTBEAT -> HeartbeatMessageHandler
2026-04-08 16:22:12.237 [main] INFO  cheese-im-postoffice - MessageHandlerFactory initialized with 3 handlers
2026-04-08 16:22:14.039 [main] INFO  cheese-im-postoffice - Starting TCP Server on port: 5148
2026-04-08 16:22:14.040 [main] INFO  cheese-im-postoffice - TCP SSL is disabled
2026-04-08 16:22:14.041 [main] INFO  cheese-im-postoffice - TCP Server started successfully on port: 5148
2026-04-08 16:22:14.041 [main] INFO  cheese-im-postoffice - TCP Server configuration: bossThreads=1, workerThreads=16, backlog=1024
2026-04-08 16:22:14.041 [main] INFO  cheese-im-postoffice - Starting WebSocket Server with config: ServerProperties.WebSocketConfig(enabled=true, path=/ws)
2026-04-08 16:22:14.041 [main] INFO  cheese-im-postoffice - ConnectionManager initialized, multiLoginStrategy: 同终端踢下线, timeoutMs: 300000
2026-04-08 16:22:14.042 [main] INFO  cheese-im-postoffice - WebSocket Server started successfully on port 5147
2026-04-08 16:22:14.042 [main] INFO  cheese-im-postoffice - WebSocket endpoint: ws://localhost:5147/ws
2026-04-08 16:22:14.042 [main] INFO  cheese-im-postoffice - Server configuration: bossThreads=1, workerThreads=16, maxConnections=10000
2026-04-08 16:44:46.090 [nioEventLoopGroup-8-1] INFO  cheese-im-postoffice - TCP connection established: /127.0.0.1:60426
2026-04-08 16:44:46.091 [nioEventLoopGroup-8-1] INFO  cheese-im-postoffice - Pending connection registered: connectionID=76180df69ca944dfa3dab66ccb4036a0, remoteAddress=/127.0.0.1:60426
2026-04-08 16:44:46.091 [nioEventLoopGroup-8-1] INFO  cheese-im-postoffice - TCP connection created: connectionID=76180df69ca944dfa3dab66ccb4036a0, clientIP=127.0.0.1
2026-04-08 16:44:46.160 [nioEventLoopGroup-8-1] INFO  cheese-im-postoffice - Connection added: userID=u100, connectionID=76180df69ca944dfa3dab66ccb4036a0, platform=Unknown, total=1
2026-04-08 16:44:46.160 [nioEventLoopGroup-8-1] INFO  cheese-im-postoffice - Authentication success: userID=u100, sessionID=sess:u100:cb-u100, deviceID=cb-u100, connectionID=76180df69ca944dfa3dab66ccb4036a0
2026-04-08 16:44:46.166 [nioEventLoopGroup-8-2] INFO  cheese-im-postoffice - TCP connection established: /127.0.0.1:60429
2026-04-08 16:44:46.166 [nioEventLoopGroup-8-2] INFO  cheese-im-postoffice - Pending connection registered: connectionID=67e989df831d4ddfa34a54889cfee895, remoteAddress=/127.0.0.1:60429
2026-04-08 16:44:46.166 [nioEventLoopGroup-8-2] INFO  cheese-im-postoffice - TCP connection created: connectionID=67e989df831d4ddfa34a54889cfee895, clientIP=127.0.0.1
2026-04-08 16:44:46.170 [nioEventLoopGroup-8-2] INFO  cheese-im-postoffice - Connection removed: userID=u100, connectionID=76180df69ca944dfa3dab66ccb4036a0, platform=Unknown, total=1
2026-04-08 16:44:46.170 [nioEventLoopGroup-8-2] INFO  cheese-im-postoffice - Connection kicked: userID=u100, connectionID=76180df69ca944dfa3dab66ccb4036a0, reason=新设备登录，当前连接被踢下线
2026-04-08 16:44:46.171 [nioEventLoopGroup-8-2] INFO  cheese-im-postoffice - Connection added: userID=u100, connectionID=67e989df831d4ddfa34a54889cfee895, platform=Unknown, total=1
2026-04-08 16:44:46.171 [nioEventLoopGroup-8-2] INFO  cheese-im-postoffice - Authentication success: userID=u100, sessionID=sess:u100:cb-u100, deviceID=cb-u100, connectionID=67e989df831d4ddfa34a54889cfee895
2026-04-08 16:44:46.171 [nioEventLoopGroup-8-1] INFO  cheese-im-postoffice - TCP connection closed: /127.0.0.1:60426
2026-04-08 16:44:50.180 [nioEventLoopGroup-8-3] INFO  cheese-im-postoffice - TCP connection established: /127.0.0.1:60457
2026-04-08 16:44:50.180 [nioEventLoopGroup-8-3] INFO  cheese-im-postoffice - Pending connection registered: connectionID=3b368aa5e8144a4c98ef63bd18f2945d, remoteAddress=/127.0.0.1:60457
2026-04-08 16:44:50.180 [nioEventLoopGroup-8-3] INFO  cheese-im-postoffice - TCP connection created: connectionID=3b368aa5e8144a4c98ef63bd18f2945d, clientIP=127.0.0.1
2026-04-08 16:44:50.184 [nioEventLoopGroup-8-3] INFO  cheese-im-postoffice - Connection added: userID=u200, connectionID=3b368aa5e8144a4c98ef63bd18f2945d, platform=Unknown, total=2
2026-04-08 16:44:50.184 [nioEventLoopGroup-8-3] INFO  cheese-im-postoffice - Authentication success: userID=u200, sessionID=sess:u200:cb-u200, deviceID=cb-u200, connectionID=3b368aa5e8144a4c98ef63bd18f2945d
2026-04-08 16:44:50.187 [nioEventLoopGroup-8-4] INFO  cheese-im-postoffice - TCP connection established: /127.0.0.1:60461
2026-04-08 16:44:50.187 [nioEventLoopGroup-8-4] INFO  cheese-im-postoffice - Pending connection registered: connectionID=13bd0f88c8734943abe3baecfbfc38a7, remoteAddress=/127.0.0.1:60461
2026-04-08 16:44:50.187 [nioEventLoopGroup-8-4] INFO  cheese-im-postoffice - TCP connection created: connectionID=13bd0f88c8734943abe3baecfbfc38a7, clientIP=127.0.0.1
2026-04-08 16:44:50.190 [nioEventLoopGroup-8-4] INFO  cheese-im-postoffice - Connection removed: userID=u200, connectionID=3b368aa5e8144a4c98ef63bd18f2945d, platform=Unknown, total=2
2026-04-08 16:44:50.190 [nioEventLoopGroup-8-4] INFO  cheese-im-postoffice - Connection kicked: userID=u200, connectionID=3b368aa5e8144a4c98ef63bd18f2945d, reason=新设备登录，当前连接被踢下线
2026-04-08 16:44:50.190 [nioEventLoopGroup-8-3] INFO  cheese-im-postoffice - TCP connection closed: /127.0.0.1:60457
2026-04-08 16:44:50.190 [nioEventLoopGroup-8-4] INFO  cheese-im-postoffice - Connection added: userID=u200, connectionID=13bd0f88c8734943abe3baecfbfc38a7, platform=Unknown, total=2
2026-04-08 16:44:50.190 [nioEventLoopGroup-8-4] INFO  cheese-im-postoffice - Authentication success: userID=u200, sessionID=sess:u200:cb-u200, deviceID=cb-u200, connectionID=13bd0f88c8734943abe3baecfbfc38a7
2026-04-08 16:54:54.889 [SpringApplicationShutdownHook] INFO  cheese-im-postoffice - Shutting down WebSocket Server...
2026-04-08 16:54:54.891 [SpringApplicationShutdownHook] INFO  cheese-im-postoffice - ConnectionManager destroyed
2026-04-08 16:54:54.892 [SpringApplicationShutdownHook] INFO  cheese-im-postoffice - WebSocket Server shutdown completed
2026-04-08 16:54:54.892 [SpringApplicationShutdownHook] INFO  cheese-im-postoffice - Shutting down TCP Server...
2026-04-08 16:54:54.892 [nioEventLoopGroup-8-4] INFO  cheese-im-postoffice - TCP connection closed: /127.0.0.1:60461
2026-04-08 16:54:54.892 [nioEventLoopGroup-8-2] INFO  cheese-im-postoffice - TCP connection closed: /127.0.0.1:60429
2026-04-08 16:54:54.893 [SpringApplicationShutdownHook] INFO  cheese-im-postoffice - TCP Server shutdown completed
2026-04-08 16:55:05.085 [main] INFO  cheese-im-postoffice - Registered command handler: CHAT_SEND -> ChatMessageHandler
2026-04-08 16:55:05.085 [main] INFO  cheese-im-postoffice - Registered command handler: AUTH -> AuthMessageHandler
2026-04-08 16:55:05.085 [main] INFO  cheese-im-postoffice - Registered command handler: HEARTBEAT -> HeartbeatMessageHandler
2026-04-08 16:55:05.085 [main] INFO  cheese-im-postoffice - MessageHandlerFactory initialized with 3 handlers
2026-04-08 16:55:06.827 [main] INFO  cheese-im-postoffice - Starting TCP Server on port: 5148
2026-04-08 16:55:06.827 [main] INFO  cheese-im-postoffice - TCP SSL is disabled
2026-04-08 16:55:06.828 [main] INFO  cheese-im-postoffice - TCP Server started successfully on port: 5148
2026-04-08 16:55:06.828 [main] INFO  cheese-im-postoffice - TCP Server configuration: bossThreads=1, workerThreads=16, backlog=1024
2026-04-08 16:55:06.828 [main] INFO  cheese-im-postoffice - Starting WebSocket Server with config: ServerProperties.WebSocketConfig(enabled=true, path=/ws)
2026-04-08 16:55:06.829 [main] INFO  cheese-im-postoffice - ConnectionManager initialized, multiLoginStrategy: 同终端踢下线, timeoutMs: 300000
2026-04-08 16:55:06.829 [main] INFO  cheese-im-postoffice - WebSocket Server started successfully on port 5147
2026-04-08 16:55:06.829 [main] INFO  cheese-im-postoffice - WebSocket endpoint: ws://localhost:5147/ws
2026-04-08 16:55:06.829 [main] INFO  cheese-im-postoffice - Server configuration: bossThreads=1, workerThreads=16, maxConnections=10000
2026-04-08 17:00:09.147 [SpringApplicationShutdownHook] INFO  cheese-im-postoffice - Shutting down WebSocket Server...
2026-04-08 17:00:09.147 [SpringApplicationShutdownHook] INFO  cheese-im-postoffice - ConnectionManager destroyed
2026-04-08 17:00:09.148 [SpringApplicationShutdownHook] INFO  cheese-im-postoffice - WebSocket Server shutdown completed
2026-04-08 17:00:09.148 [SpringApplicationShutdownHook] INFO  cheese-im-postoffice - Shutting down TCP Server...
2026-04-08 17:00:09.149 [SpringApplicationShutdownHook] INFO  cheese-im-postoffice - TCP Server shutdown completed
2026-04-08 17:00:21.721 [main] INFO  cheese-im-postoffice - Registered command handler: CHAT_SEND -> ChatMessageHandler
2026-04-08 17:00:21.721 [main] INFO  cheese-im-postoffice - Registered command handler: AUTH -> AuthMessageHandler
2026-04-08 17:00:21.721 [main] INFO  cheese-im-postoffice - Registered command handler: HEARTBEAT -> HeartbeatMessageHandler
2026-04-08 17:00:21.721 [main] INFO  cheese-im-postoffice - MessageHandlerFactory initialized with 3 handlers
2026-04-08 17:00:23.996 [main] INFO  cheese-im-postoffice - Starting TCP Server on port: 5148
2026-04-08 17:00:23.997 [main] INFO  cheese-im-postoffice - TCP SSL is disabled
2026-04-08 17:00:23.997 [main] INFO  cheese-im-postoffice - TCP Server started successfully on port: 5148
2026-04-08 17:00:23.997 [main] INFO  cheese-im-postoffice - TCP Server configuration: bossThreads=1, workerThreads=16, backlog=1024
2026-04-08 17:00:23.997 [main] INFO  cheese-im-postoffice - Starting WebSocket Server with config: ServerProperties.WebSocketConfig(enabled=true, path=/ws)
2026-04-08 17:00:23.998 [main] INFO  cheese-im-postoffice - ConnectionManager initialized, multiLoginStrategy: 同终端踢下线, timeoutMs: 300000
2026-04-08 17:00:23.999 [main] INFO  cheese-im-postoffice - WebSocket Server started successfully on port 5147
2026-04-08 17:00:23.999 [main] INFO  cheese-im-postoffice - WebSocket endpoint: ws://localhost:5147/ws
2026-04-08 17:00:23.999 [main] INFO  cheese-im-postoffice - Server configuration: bossThreads=1, workerThreads=16, maxConnections=10000
2026-04-08 17:19:21.354 [nioEventLoopGroup-8-1] INFO  cheese-im-postoffice - TCP connection established: /127.0.0.1:54270
2026-04-08 17:19:21.355 [nioEventLoopGroup-8-1] INFO  cheese-im-postoffice - Pending connection registered: connectionID=250934dc186f438d85189f0abd85167b, remoteAddress=/127.0.0.1:54270
2026-04-08 17:19:21.355 [nioEventLoopGroup-8-1] INFO  cheese-im-postoffice - TCP connection created: connectionID=250934dc186f438d85189f0abd85167b, clientIP=127.0.0.1
2026-04-08 17:19:21.402 [nioEventLoopGroup-8-1] INFO  cheese-im-postoffice - Connection added: userID=u100, connectionID=250934dc186f438d85189f0abd85167b, platform=Unknown, total=1
2026-04-08 17:19:21.403 [nioEventLoopGroup-8-1] INFO  cheese-im-postoffice - Authentication success: userID=u100, sessionID=sess:u100:cb-u100, deviceID=cb-u100, connectionID=250934dc186f438d85189f0abd85167b
2026-04-08 17:19:21.410 [nioEventLoopGroup-8-2] INFO  cheese-im-postoffice - TCP connection established: /127.0.0.1:54272
2026-04-08 17:19:21.410 [nioEventLoopGroup-8-2] INFO  cheese-im-postoffice - Pending connection registered: connectionID=ea9637e775014951bde431bf27561599, remoteAddress=/127.0.0.1:54272
2026-04-08 17:19:21.410 [nioEventLoopGroup-8-2] INFO  cheese-im-postoffice - TCP connection created: connectionID=ea9637e775014951bde431bf27561599, clientIP=127.0.0.1
2026-04-08 17:19:21.415 [nioEventLoopGroup-8-2] INFO  cheese-im-postoffice - Connection removed: userID=u100, connectionID=250934dc186f438d85189f0abd85167b, platform=Unknown, total=1
2026-04-08 17:19:21.416 [nioEventLoopGroup-8-2] INFO  cheese-im-postoffice - Connection kicked: userID=u100, connectionID=250934dc186f438d85189f0abd85167b, reason=新设备登录，当前连接被踢下线
2026-04-08 17:19:21.416 [nioEventLoopGroup-8-2] INFO  cheese-im-postoffice - Connection added: userID=u100, connectionID=ea9637e775014951bde431bf27561599, platform=Unknown, total=1
2026-04-08 17:19:21.416 [nioEventLoopGroup-8-2] INFO  cheese-im-postoffice - Authentication success: userID=u100, sessionID=sess:u100:cb-u100, deviceID=cb-u100, connectionID=ea9637e775014951bde431bf27561599
2026-04-08 17:19:21.417 [nioEventLoopGroup-8-1] INFO  cheese-im-postoffice - TCP connection closed: /127.0.0.1:54270
2026-04-08 17:19:25.388 [nioEventLoopGroup-8-3] INFO  cheese-im-postoffice - TCP connection established: /127.0.0.1:54293
2026-04-08 17:19:25.388 [nioEventLoopGroup-8-3] INFO  cheese-im-postoffice - Pending connection registered: connectionID=defa10bf4be04cc8bd2f791377cb1480, remoteAddress=/127.0.0.1:54293
2026-04-08 17:19:25.388 [nioEventLoopGroup-8-3] INFO  cheese-im-postoffice - TCP connection created: connectionID=defa10bf4be04cc8bd2f791377cb1480, clientIP=127.0.0.1
2026-04-08 17:19:25.394 [nioEventLoopGroup-8-3] INFO  cheese-im-postoffice - Connection added: userID=u200, connectionID=defa10bf4be04cc8bd2f791377cb1480, platform=Unknown, total=2
2026-04-08 17:19:25.394 [nioEventLoopGroup-8-3] INFO  cheese-im-postoffice - Authentication success: userID=u200, sessionID=sess:u200:cb-u200, deviceID=cb-u200, connectionID=defa10bf4be04cc8bd2f791377cb1480
2026-04-08 17:19:25.398 [nioEventLoopGroup-8-4] INFO  cheese-im-postoffice - TCP connection established: /127.0.0.1:54295
2026-04-08 17:19:25.398 [nioEventLoopGroup-8-4] INFO  cheese-im-postoffice - Pending connection registered: connectionID=0914d1a0f6be4a68848b98630c785a06, remoteAddress=/127.0.0.1:54295
2026-04-08 17:19:25.398 [nioEventLoopGroup-8-4] INFO  cheese-im-postoffice - TCP connection created: connectionID=0914d1a0f6be4a68848b98630c785a06, clientIP=127.0.0.1
2026-04-08 17:19:25.402 [nioEventLoopGroup-8-4] INFO  cheese-im-postoffice - Connection removed: userID=u200, connectionID=defa10bf4be04cc8bd2f791377cb1480, platform=Unknown, total=2
2026-04-08 17:19:25.402 [nioEventLoopGroup-8-4] INFO  cheese-im-postoffice - Connection kicked: userID=u200, connectionID=defa10bf4be04cc8bd2f791377cb1480, reason=新设备登录，当前连接被踢下线
2026-04-08 17:19:25.402 [nioEventLoopGroup-8-3] INFO  cheese-im-postoffice - TCP connection closed: /127.0.0.1:54293
2026-04-08 17:19:25.402 [nioEventLoopGroup-8-4] INFO  cheese-im-postoffice - Connection added: userID=u200, connectionID=0914d1a0f6be4a68848b98630c785a06, platform=Unknown, total=2
2026-04-08 17:19:25.402 [nioEventLoopGroup-8-4] INFO  cheese-im-postoffice - Authentication success: userID=u200, sessionID=sess:u200:cb-u200, deviceID=cb-u200, connectionID=0914d1a0f6be4a68848b98630c785a06
2026-04-08 17:54:50.249 [SpringApplicationShutdownHook] INFO  cheese-im-postoffice - Shutting down WebSocket Server...
2026-04-08 17:54:50.249 [SpringApplicationShutdownHook] INFO  cheese-im-postoffice - ConnectionManager destroyed
2026-04-08 17:54:50.250 [SpringApplicationShutdownHook] INFO  cheese-im-postoffice - WebSocket Server shutdown completed
2026-04-08 17:54:50.250 [SpringApplicationShutdownHook] INFO  cheese-im-postoffice - Shutting down TCP Server...
2026-04-08 17:54:50.251 [nioEventLoopGroup-8-2] INFO  cheese-im-postoffice - TCP connection closed: /127.0.0.1:54272
2026-04-08 17:54:50.251 [nioEventLoopGroup-8-4] INFO  cheese-im-postoffice - TCP connection closed: /127.0.0.1:54295
2026-04-08 17:54:50.252 [SpringApplicationShutdownHook] INFO  cheese-im-postoffice - TCP Server shutdown completed
2026-04-08 17:55:11.093 [main] INFO  cheese-im-postoffice - Registered command handler: CHAT_SEND -> ChatMessageHandler
2026-04-08 17:55:11.094 [main] INFO  cheese-im-postoffice - Registered command handler: AUTH -> AuthMessageHandler
2026-04-08 17:55:11.094 [main] INFO  cheese-im-postoffice - Registered command handler: HEARTBEAT -> HeartbeatMessageHandler
2026-04-08 17:55:11.094 [main] INFO  cheese-im-postoffice - MessageHandlerFactory initialized with 3 handlers
2026-04-08 17:55:13.089 [main] INFO  cheese-im-postoffice - Starting TCP Server on port: 5148
2026-04-08 17:55:13.090 [main] INFO  cheese-im-postoffice - TCP SSL is disabled
2026-04-08 17:55:13.091 [main] INFO  cheese-im-postoffice - TCP Server started successfully on port: 5148
2026-04-08 17:55:13.091 [main] INFO  cheese-im-postoffice - TCP Server configuration: bossThreads=1, workerThreads=16, backlog=1024
2026-04-08 17:55:13.091 [main] INFO  cheese-im-postoffice - Starting WebSocket Server with config: ServerProperties.WebSocketConfig(enabled=true, path=/ws)
2026-04-08 17:55:13.091 [main] INFO  cheese-im-postoffice - ConnectionManager initialized, multiLoginStrategy: 同终端踢下线, timeoutMs: 300000
2026-04-08 17:55:13.092 [main] INFO  cheese-im-postoffice - WebSocket Server started successfully on port 5147
2026-04-08 17:55:13.092 [main] INFO  cheese-im-postoffice - WebSocket endpoint: ws://localhost:5147/ws
2026-04-08 17:55:13.092 [main] INFO  cheese-im-postoffice - Server configuration: bossThreads=1, workerThreads=16, maxConnections=10000
2026-04-08 17:57:57.183 [nioEventLoopGroup-8-1] INFO  cheese-im-postoffice - TCP connection established: /127.0.0.1:49448
2026-04-08 17:57:57.184 [nioEventLoopGroup-8-1] INFO  cheese-im-postoffice - Pending connection registered: connectionID=22d7fc271c2c4aee8a904273acee5bc6, remoteAddress=/127.0.0.1:49448
2026-04-08 17:57:57.184 [nioEventLoopGroup-8-1] INFO  cheese-im-postoffice - TCP connection created: connectionID=22d7fc271c2c4aee8a904273acee5bc6, clientIP=127.0.0.1
2026-04-08 17:57:57.272 [nioEventLoopGroup-8-1] INFO  cheese-im-postoffice - Connection added: userID=u100, connectionID=22d7fc271c2c4aee8a904273acee5bc6, platform=Unknown, total=1
2026-04-08 17:57:57.272 [nioEventLoopGroup-8-1] INFO  cheese-im-postoffice - Authentication success: userID=u100, sessionID=sess:u100:cb-u100, deviceID=cb-u100, connectionID=22d7fc271c2c4aee8a904273acee5bc6
2026-04-08 17:59:05.628 [nioEventLoopGroup-8-2] INFO  cheese-im-postoffice - TCP connection established: /127.0.0.1:49794
2026-04-08 17:59:05.629 [nioEventLoopGroup-8-2] INFO  cheese-im-postoffice - Pending connection registered: connectionID=0c0ef60ed68c4d2abe5edb75fa165cf3, remoteAddress=/127.0.0.1:49794
2026-04-08 17:59:05.629 [nioEventLoopGroup-8-2] INFO  cheese-im-postoffice - TCP connection created: connectionID=0c0ef60ed68c4d2abe5edb75fa165cf3, clientIP=127.0.0.1
2026-04-08 17:59:05.633 [nioEventLoopGroup-8-2] INFO  cheese-im-postoffice - Connection added: userID=xxxcrel, connectionID=0c0ef60ed68c4d2abe5edb75fa165cf3, platform=Unknown, total=2
2026-04-08 17:59:05.634 [nioEventLoopGroup-8-2] INFO  cheese-im-postoffice - Authentication success: userID=xxxcrel, sessionID=sess:xxxcrel:cheesebox-dev, deviceID=cheesebox-dev, connectionID=0c0ef60ed68c4d2abe5edb75fa165cf3
2026-04-08 17:59:37.847 [nioEventLoopGroup-8-3] INFO  cheese-im-postoffice - TCP connection established: /127.0.0.1:49965
2026-04-08 17:59:37.847 [nioEventLoopGroup-8-3] INFO  cheese-im-postoffice - Pending connection registered: connectionID=32123283490b4b0990cd32f8c8b9b2a2, remoteAddress=/127.0.0.1:49965
2026-04-08 17:59:37.847 [nioEventLoopGroup-8-3] INFO  cheese-im-postoffice - TCP connection created: connectionID=32123283490b4b0990cd32f8c8b9b2a2, clientIP=127.0.0.1
2026-04-08 17:59:37.854 [nioEventLoopGroup-8-3] INFO  cheese-im-postoffice - Connection removed: userID=xxxcrel, connectionID=0c0ef60ed68c4d2abe5edb75fa165cf3, platform=Unknown, total=2
2026-04-08 17:59:37.854 [nioEventLoopGroup-8-3] INFO  cheese-im-postoffice - Connection kicked: userID=xxxcrel, connectionID=0c0ef60ed68c4d2abe5edb75fa165cf3, reason=新设备登录，当前连接被踢下线
2026-04-08 17:59:37.854 [nioEventLoopGroup-8-3] INFO  cheese-im-postoffice - Connection added: userID=xxxcrel, connectionID=32123283490b4b0990cd32f8c8b9b2a2, platform=Unknown, total=2
2026-04-08 17:59:37.854 [nioEventLoopGroup-8-3] INFO  cheese-im-postoffice - Authentication success: userID=xxxcrel, sessionID=sess:xxxcrel:cheesebox-dev, deviceID=cheesebox-dev, connectionID=32123283490b4b0990cd32f8c8b9b2a2
2026-04-08 17:59:37.854 [nioEventLoopGroup-8-2] INFO  cheese-im-postoffice - TCP connection closed: /127.0.0.1:49794
2026-04-08 18:15:31.266 [nioEventLoopGroup-8-4] INFO  cheese-im-postoffice - TCP connection established: /127.0.0.1:54615
2026-04-08 18:15:31.267 [nioEventLoopGroup-8-4] INFO  cheese-im-postoffice - Pending connection registered: connectionID=ab5067562fce449ba535e6370eab5e34, remoteAddress=/127.0.0.1:54615
2026-04-08 18:15:31.267 [nioEventLoopGroup-8-4] INFO  cheese-im-postoffice - TCP connection created: connectionID=ab5067562fce449ba535e6370eab5e34, clientIP=127.0.0.1
2026-04-08 18:15:31.274 [nioEventLoopGroup-8-4] INFO  cheese-im-postoffice - Connection removed: userID=xxxcrel, connectionID=32123283490b4b0990cd32f8c8b9b2a2, platform=Unknown, total=2
2026-04-08 18:15:31.275 [nioEventLoopGroup-8-4] INFO  cheese-im-postoffice - Connection kicked: userID=xxxcrel, connectionID=32123283490b4b0990cd32f8c8b9b2a2, reason=新设备登录，当前连接被踢下线
2026-04-08 18:15:31.275 [nioEventLoopGroup-8-3] INFO  cheese-im-postoffice - TCP connection closed: /127.0.0.1:49965
2026-04-08 18:15:31.275 [nioEventLoopGroup-8-4] INFO  cheese-im-postoffice - Connection added: userID=xxxcrel, connectionID=ab5067562fce449ba535e6370eab5e34, platform=Unknown, total=2
2026-04-08 18:15:31.275 [nioEventLoopGroup-8-4] INFO  cheese-im-postoffice - Authentication success: userID=xxxcrel, sessionID=sess:xxxcrel:cheesebox-dev, deviceID=cheesebox-dev, connectionID=ab5067562fce449ba535e6370eab5e34
2026-04-08 18:15:34.244 [nioEventLoopGroup-8-5] INFO  cheese-im-postoffice - TCP connection established: /127.0.0.1:54637
2026-04-08 18:15:34.245 [nioEventLoopGroup-8-5] INFO  cheese-im-postoffice - Pending connection registered: connectionID=8ad020424b0f44b18dbca85f24396b93, remoteAddress=/127.0.0.1:54637
2026-04-08 18:15:34.245 [nioEventLoopGroup-8-5] INFO  cheese-im-postoffice - TCP connection created: connectionID=8ad020424b0f44b18dbca85f24396b93, clientIP=127.0.0.1
2026-04-08 18:15:34.250 [nioEventLoopGroup-8-5] INFO  cheese-im-postoffice - Connection removed: userID=xxxcrel, connectionID=ab5067562fce449ba535e6370eab5e34, platform=Unknown, total=2
2026-04-08 18:15:34.250 [nioEventLoopGroup-8-4] INFO  cheese-im-postoffice - TCP connection closed: /127.0.0.1:54615
2026-04-08 18:15:34.250 [nioEventLoopGroup-8-5] INFO  cheese-im-postoffice - Connection kicked: userID=xxxcrel, connectionID=ab5067562fce449ba535e6370eab5e34, reason=新设备登录，当前连接被踢下线
2026-04-08 18:15:34.250 [nioEventLoopGroup-8-5] INFO  cheese-im-postoffice - Connection added: userID=xxxcrel, connectionID=8ad020424b0f44b18dbca85f24396b93, platform=Unknown, total=2
2026-04-08 18:15:34.250 [nioEventLoopGroup-8-5] INFO  cheese-im-postoffice - Authentication success: userID=xxxcrel, sessionID=sess:xxxcrel:cheesebox-dev, deviceID=cheesebox-dev, connectionID=8ad020424b0f44b18dbca85f24396b93
2026-04-08 18:16:04.439 [nioEventLoopGroup-8-6] INFO  cheese-im-postoffice - TCP connection established: /127.0.0.1:54793
2026-04-08 18:16:04.442 [nioEventLoopGroup-8-6] INFO  cheese-im-postoffice - Pending connection registered: connectionID=5b2a9d7b42de44659e5e0727c9f8e839, remoteAddress=/127.0.0.1:54793
2026-04-08 18:16:04.442 [nioEventLoopGroup-8-6] INFO  cheese-im-postoffice - TCP connection created: connectionID=5b2a9d7b42de44659e5e0727c9f8e839, clientIP=127.0.0.1
2026-04-08 18:16:04.446 [nioEventLoopGroup-8-6] INFO  cheese-im-postoffice - Connection removed: userID=xxxcrel, connectionID=8ad020424b0f44b18dbca85f24396b93, platform=Unknown, total=2
2026-04-08 18:16:04.446 [nioEventLoopGroup-8-5] INFO  cheese-im-postoffice - TCP connection closed: /127.0.0.1:54637
2026-04-08 18:16:04.446 [nioEventLoopGroup-8-6] INFO  cheese-im-postoffice - Connection kicked: userID=xxxcrel, connectionID=8ad020424b0f44b18dbca85f24396b93, reason=新设备登录，当前连接被踢下线
2026-04-08 18:16:04.446 [nioEventLoopGroup-8-6] INFO  cheese-im-postoffice - Connection added: userID=xxxcrel, connectionID=5b2a9d7b42de44659e5e0727c9f8e839, platform=Unknown, total=2
2026-04-08 18:16:04.447 [nioEventLoopGroup-8-6] INFO  cheese-im-postoffice - Authentication success: userID=xxxcrel, sessionID=sess:xxxcrel:cheesebox-dev, deviceID=cheesebox-dev, connectionID=5b2a9d7b42de44659e5e0727c9f8e839
2026-04-08 18:16:06.295 [nioEventLoopGroup-8-6] INFO  cheese-im-postoffice - TCP connection closed: /127.0.0.1:54793
2026-04-08 18:16:06.295 [nioEventLoopGroup-8-6] INFO  cheese-im-postoffice - Connection removed: userID=xxxcrel, connectionID=5b2a9d7b42de44659e5e0727c9f8e839, platform=Unknown, total=1
2026-04-08 18:16:06.295 [nioEventLoopGroup-8-6] INFO  cheese-im-postoffice - TCP connection removed: connectionID=5b2a9d7b42de44659e5e0727c9f8e839, userID=xxxcrel
2026-04-08 18:16:20.282 [nioEventLoopGroup-8-7] INFO  cheese-im-postoffice - TCP connection established: /127.0.0.1:54885
2026-04-08 18:16:20.282 [nioEventLoopGroup-8-7] INFO  cheese-im-postoffice - Pending connection registered: connectionID=72ab30768e2a4a03a25cf12f06923498, remoteAddress=/127.0.0.1:54885
2026-04-08 18:16:20.282 [nioEventLoopGroup-8-7] INFO  cheese-im-postoffice - TCP connection created: connectionID=72ab30768e2a4a03a25cf12f06923498, clientIP=127.0.0.1
2026-04-08 18:16:20.286 [nioEventLoopGroup-8-7] INFO  cheese-im-postoffice - Connection added: userID=xxxcrel, connectionID=72ab30768e2a4a03a25cf12f06923498, platform=Unknown, total=2
2026-04-08 18:16:20.286 [nioEventLoopGroup-8-7] INFO  cheese-im-postoffice - Authentication success: userID=xxxcrel, sessionID=sess:xxxcrel:cheesebox-dev, deviceID=cheesebox-dev, connectionID=72ab30768e2a4a03a25cf12f06923498
2026-04-08 18:16:45.786 [nioEventLoopGroup-8-8] INFO  cheese-im-postoffice - TCP connection established: /127.0.0.1:55007
2026-04-08 18:16:45.786 [nioEventLoopGroup-8-8] INFO  cheese-im-postoffice - Pending connection registered: connectionID=4bd1cba52f1d42a395bb1e5ccb9a36c8, remoteAddress=/127.0.0.1:55007
2026-04-08 18:16:45.786 [nioEventLoopGroup-8-8] INFO  cheese-im-postoffice - TCP connection created: connectionID=4bd1cba52f1d42a395bb1e5ccb9a36c8, clientIP=127.0.0.1
2026-04-08 18:16:45.794 [nioEventLoopGroup-8-8] INFO  cheese-im-postoffice - Connection removed: userID=xxxcrel, connectionID=72ab30768e2a4a03a25cf12f06923498, platform=Unknown, total=2
2026-04-08 18:16:45.794 [nioEventLoopGroup-8-8] INFO  cheese-im-postoffice - Connection kicked: userID=xxxcrel, connectionID=72ab30768e2a4a03a25cf12f06923498, reason=新设备登录，当前连接被踢下线
2026-04-08 18:16:45.794 [nioEventLoopGroup-8-8] INFO  cheese-im-postoffice - Connection added: userID=xxxcrel, connectionID=4bd1cba52f1d42a395bb1e5ccb9a36c8, platform=Unknown, total=2
2026-04-08 18:16:45.794 [nioEventLoopGroup-8-8] INFO  cheese-im-postoffice - Authentication success: userID=xxxcrel, sessionID=sess:xxxcrel:cheesebox-dev, deviceID=cheesebox-dev, connectionID=4bd1cba52f1d42a395bb1e5ccb9a36c8
2026-04-08 18:16:45.794 [nioEventLoopGroup-8-7] INFO  cheese-im-postoffice - TCP connection closed: /127.0.0.1:54885
2026-04-08 18:16:48.691 [nioEventLoopGroup-8-9] INFO  cheese-im-postoffice - TCP connection established: /127.0.0.1:55032
2026-04-08 18:16:48.692 [nioEventLoopGroup-8-9] INFO  cheese-im-postoffice - Pending connection registered: connectionID=c67f3eca502144e0b1a1ce39cba4a5cf, remoteAddress=/127.0.0.1:55032
2026-04-08 18:16:48.692 [nioEventLoopGroup-8-9] INFO  cheese-im-postoffice - TCP connection created: connectionID=c67f3eca502144e0b1a1ce39cba4a5cf, clientIP=127.0.0.1
2026-04-08 18:16:48.694 [nioEventLoopGroup-8-9] INFO  cheese-im-postoffice - Connection removed: userID=xxxcrel, connectionID=4bd1cba52f1d42a395bb1e5ccb9a36c8, platform=Unknown, total=2
2026-04-08 18:16:48.694 [nioEventLoopGroup-8-9] INFO  cheese-im-postoffice - Connection kicked: userID=xxxcrel, connectionID=4bd1cba52f1d42a395bb1e5ccb9a36c8, reason=新设备登录，当前连接被踢下线
2026-04-08 18:16:48.694 [nioEventLoopGroup-8-8] INFO  cheese-im-postoffice - TCP connection closed: /127.0.0.1:55007
2026-04-08 18:16:48.695 [nioEventLoopGroup-8-9] INFO  cheese-im-postoffice - Connection added: userID=xxxcrel, connectionID=c67f3eca502144e0b1a1ce39cba4a5cf, platform=Unknown, total=2
2026-04-08 18:16:48.695 [nioEventLoopGroup-8-9] INFO  cheese-im-postoffice - Authentication success: userID=xxxcrel, sessionID=sess:xxxcrel:cheesebox-dev, deviceID=cheesebox-dev, connectionID=c67f3eca502144e0b1a1ce39cba4a5cf
2026-04-08 18:17:26.626 [nioEventLoopGroup-8-10] INFO  cheese-im-postoffice - TCP connection established: /127.0.0.1:55235
2026-04-08 18:17:26.626 [nioEventLoopGroup-8-10] INFO  cheese-im-postoffice - Pending connection registered: connectionID=dcaddcc49ec84be589f38de6aa87a2bc, remoteAddress=/127.0.0.1:55235
2026-04-08 18:17:26.627 [nioEventLoopGroup-8-10] INFO  cheese-im-postoffice - TCP connection created: connectionID=dcaddcc49ec84be589f38de6aa87a2bc, clientIP=127.0.0.1
2026-04-08 18:17:26.631 [nioEventLoopGroup-8-10] INFO  cheese-im-postoffice - Connection added: userID=xuecheng, connectionID=dcaddcc49ec84be589f38de6aa87a2bc, platform=Unknown, total=3
2026-04-08 18:17:26.631 [nioEventLoopGroup-8-10] INFO  cheese-im-postoffice - Authentication success: userID=xuecheng, sessionID=sess:xuecheng:cheesebox-dev, deviceID=cheesebox-dev, connectionID=dcaddcc49ec84be589f38de6aa87a2bc
2026-04-08 18:17:51.603 [nioEventLoopGroup-8-11] INFO  cheese-im-postoffice - TCP connection established: /127.0.0.1:55361
2026-04-08 18:17:51.603 [nioEventLoopGroup-8-11] INFO  cheese-im-postoffice - Pending connection registered: connectionID=5fb2abc03ec6469cb15637752ae40d67, remoteAddress=/127.0.0.1:55361
2026-04-08 18:17:51.603 [nioEventLoopGroup-8-11] INFO  cheese-im-postoffice - TCP connection created: connectionID=5fb2abc03ec6469cb15637752ae40d67, clientIP=127.0.0.1
2026-04-08 18:17:51.605 [nioEventLoopGroup-8-11] INFO  cheese-im-postoffice - Connection removed: userID=xxxcrel, connectionID=c67f3eca502144e0b1a1ce39cba4a5cf, platform=Unknown, total=3
2026-04-08 18:17:51.605 [nioEventLoopGroup-8-11] INFO  cheese-im-postoffice - Connection kicked: userID=xxxcrel, connectionID=c67f3eca502144e0b1a1ce39cba4a5cf, reason=新设备登录，当前连接被踢下线
2026-04-08 18:17:51.605 [nioEventLoopGroup-8-9] INFO  cheese-im-postoffice - TCP connection closed: /127.0.0.1:55032
2026-04-08 18:17:51.605 [nioEventLoopGroup-8-11] INFO  cheese-im-postoffice - Connection added: userID=xxxcrel, connectionID=5fb2abc03ec6469cb15637752ae40d67, platform=Unknown, total=3
2026-04-08 18:17:51.605 [nioEventLoopGroup-8-11] INFO  cheese-im-postoffice - Authentication success: userID=xxxcrel, sessionID=sess:xxxcrel:cheesebox-dev, deviceID=cheesebox-dev, connectionID=5fb2abc03ec6469cb15637752ae40d67
2026-04-08 18:31:17.116 [nioEventLoopGroup-8-12] INFO  cheese-im-postoffice - TCP connection established: /127.0.0.1:59321
2026-04-08 18:31:17.117 [nioEventLoopGroup-8-12] INFO  cheese-im-postoffice - Pending connection registered: connectionID=ae768007b90e402eb2ca4b0761ff0f2e, remoteAddress=/127.0.0.1:59321
2026-04-08 18:31:17.117 [nioEventLoopGroup-8-12] INFO  cheese-im-postoffice - TCP connection created: connectionID=ae768007b90e402eb2ca4b0761ff0f2e, clientIP=127.0.0.1
2026-04-08 18:31:17.124 [nioEventLoopGroup-8-12] INFO  cheese-im-postoffice - Connection removed: userID=xxxcrel, connectionID=5fb2abc03ec6469cb15637752ae40d67, platform=Unknown, total=3
2026-04-08 18:31:17.124 [nioEventLoopGroup-8-12] INFO  cheese-im-postoffice - Connection kicked: userID=xxxcrel, connectionID=5fb2abc03ec6469cb15637752ae40d67, reason=新设备登录，当前连接被踢下线
2026-04-08 18:31:17.124 [nioEventLoopGroup-8-11] INFO  cheese-im-postoffice - TCP connection closed: /127.0.0.1:55361
2026-04-08 18:31:17.124 [nioEventLoopGroup-8-12] INFO  cheese-im-postoffice - Connection added: userID=xxxcrel, connectionID=ae768007b90e402eb2ca4b0761ff0f2e, platform=Unknown, total=3
2026-04-08 18:31:17.124 [nioEventLoopGroup-8-12] INFO  cheese-im-postoffice - Authentication success: userID=xxxcrel, sessionID=sess:xxxcrel:cheesebox-dev, deviceID=cheesebox-dev, connectionID=ae768007b90e402eb2ca4b0761ff0f2e
2026-04-08 18:31:19.710 [nioEventLoopGroup-8-12] INFO  cheese-im-postoffice - TCP connection closed: /127.0.0.1:59321
2026-04-08 18:31:19.711 [nioEventLoopGroup-8-12] INFO  cheese-im-postoffice - Connection removed: userID=xxxcrel, connectionID=ae768007b90e402eb2ca4b0761ff0f2e, platform=Unknown, total=2
2026-04-08 18:31:19.711 [nioEventLoopGroup-8-12] INFO  cheese-im-postoffice - TCP connection removed: connectionID=ae768007b90e402eb2ca4b0761ff0f2e, userID=xxxcrel
2026-04-08 18:31:23.639 [nioEventLoopGroup-8-13] INFO  cheese-im-postoffice - TCP connection established: /127.0.0.1:59357
2026-04-08 18:31:23.640 [nioEventLoopGroup-8-13] INFO  cheese-im-postoffice - Pending connection registered: connectionID=50cc88d700d14bedac0d832c78810eea, remoteAddress=/127.0.0.1:59357
2026-04-08 18:31:23.640 [nioEventLoopGroup-8-13] INFO  cheese-im-postoffice - TCP connection created: connectionID=50cc88d700d14bedac0d832c78810eea, clientIP=127.0.0.1
2026-04-08 18:31:23.645 [nioEventLoopGroup-8-13] INFO  cheese-im-postoffice - Connection removed: userID=xuecheng, connectionID=dcaddcc49ec84be589f38de6aa87a2bc, platform=Unknown, total=2
2026-04-08 18:31:23.645 [nioEventLoopGroup-8-13] INFO  cheese-im-postoffice - Connection kicked: userID=xuecheng, connectionID=dcaddcc49ec84be589f38de6aa87a2bc, reason=新设备登录，当前连接被踢下线
2026-04-08 18:31:23.645 [nioEventLoopGroup-8-13] INFO  cheese-im-postoffice - Connection added: userID=xuecheng, connectionID=50cc88d700d14bedac0d832c78810eea, platform=Unknown, total=2
2026-04-08 18:31:23.645 [nioEventLoopGroup-8-13] INFO  cheese-im-postoffice - Authentication success: userID=xuecheng, sessionID=sess:xuecheng:cheesebox-dev, deviceID=cheesebox-dev, connectionID=50cc88d700d14bedac0d832c78810eea
2026-04-08 18:31:23.645 [nioEventLoopGroup-8-10] INFO  cheese-im-postoffice - TCP connection closed: /127.0.0.1:55235
2026-04-08 18:31:28.730 [nioEventLoopGroup-8-14] INFO  cheese-im-postoffice - TCP connection established: /127.0.0.1:59391
2026-04-08 18:31:28.730 [nioEventLoopGroup-8-14] INFO  cheese-im-postoffice - Pending connection registered: connectionID=237a392eb8f6433db365b71978e4d50c, remoteAddress=/127.0.0.1:59391
2026-04-08 18:31:28.730 [nioEventLoopGroup-8-14] INFO  cheese-im-postoffice - TCP connection created: connectionID=237a392eb8f6433db365b71978e4d50c, clientIP=127.0.0.1
2026-04-08 18:31:28.733 [nioEventLoopGroup-8-14] INFO  cheese-im-postoffice - Connection removed: userID=xuecheng, connectionID=50cc88d700d14bedac0d832c78810eea, platform=Unknown, total=2
2026-04-08 18:31:28.733 [nioEventLoopGroup-8-14] INFO  cheese-im-postoffice - Connection kicked: userID=xuecheng, connectionID=50cc88d700d14bedac0d832c78810eea, reason=新设备登录，当前连接被踢下线
2026-04-08 18:31:28.733 [nioEventLoopGroup-8-13] INFO  cheese-im-postoffice - TCP connection closed: /127.0.0.1:59357
2026-04-08 18:31:28.733 [nioEventLoopGroup-8-14] INFO  cheese-im-postoffice - Connection added: userID=xuecheng, connectionID=237a392eb8f6433db365b71978e4d50c, platform=Unknown, total=2
2026-04-08 18:31:28.733 [nioEventLoopGroup-8-14] INFO  cheese-im-postoffice - Authentication success: userID=xuecheng, sessionID=sess:xuecheng:cheesebox-dev, deviceID=cheesebox-dev, connectionID=237a392eb8f6433db365b71978e4d50c
2026-04-08 18:31:32.142 [nioEventLoopGroup-8-14] INFO  cheese-im-postoffice - TCP connection closed: /127.0.0.1:59391
2026-04-08 18:31:32.144 [nioEventLoopGroup-8-14] INFO  cheese-im-postoffice - Connection removed: userID=xuecheng, connectionID=237a392eb8f6433db365b71978e4d50c, platform=Unknown, total=1
2026-04-08 18:31:32.144 [nioEventLoopGroup-8-14] INFO  cheese-im-postoffice - TCP connection removed: connectionID=237a392eb8f6433db365b71978e4d50c, userID=xuecheng
2026-04-08 18:31:40.362 [nioEventLoopGroup-8-15] INFO  cheese-im-postoffice - TCP connection established: /127.0.0.1:59456
2026-04-08 18:31:40.363 [nioEventLoopGroup-8-15] INFO  cheese-im-postoffice - Pending connection registered: connectionID=c05a348c6466438ea8a984f9c3616418, remoteAddress=/127.0.0.1:59456
2026-04-08 18:31:40.363 [nioEventLoopGroup-8-15] INFO  cheese-im-postoffice - TCP connection created: connectionID=c05a348c6466438ea8a984f9c3616418, clientIP=127.0.0.1
2026-04-08 18:31:40.365 [nioEventLoopGroup-8-15] INFO  cheese-im-postoffice - Connection added: userID=xxxcrel, connectionID=c05a348c6466438ea8a984f9c3616418, platform=Unknown, total=2
2026-04-08 18:31:40.365 [nioEventLoopGroup-8-15] INFO  cheese-im-postoffice - Authentication success: userID=xxxcrel, sessionID=sess:xxxcrel:cheesebox-dev, deviceID=cheesebox-dev, connectionID=c05a348c6466438ea8a984f9c3616418
2026-04-08 18:31:46.563 [nioEventLoopGroup-8-16] INFO  cheese-im-postoffice - TCP connection established: /127.0.0.1:59492
2026-04-08 18:31:46.564 [nioEventLoopGroup-8-16] INFO  cheese-im-postoffice - Pending connection registered: connectionID=51affa40522c4c9bad707d1dfaa6f603, remoteAddress=/127.0.0.1:59492
2026-04-08 18:31:46.564 [nioEventLoopGroup-8-16] INFO  cheese-im-postoffice - TCP connection created: connectionID=51affa40522c4c9bad707d1dfaa6f603, clientIP=127.0.0.1
2026-04-08 18:31:46.567 [nioEventLoopGroup-8-16] INFO  cheese-im-postoffice - Connection added: userID=xuecheng, connectionID=51affa40522c4c9bad707d1dfaa6f603, platform=Unknown, total=3
2026-04-08 18:31:46.567 [nioEventLoopGroup-8-16] INFO  cheese-im-postoffice - Authentication success: userID=xuecheng, sessionID=sess:xuecheng:cheesebox-dev, deviceID=cheesebox-dev, connectionID=51affa40522c4c9bad707d1dfaa6f603
2026-04-08 18:34:23.712 [SpringApplicationShutdownHook] INFO  cheese-im-postoffice - Shutting down WebSocket Server...
2026-04-08 18:34:23.713 [SpringApplicationShutdownHook] INFO  cheese-im-postoffice - ConnectionManager destroyed
2026-04-08 18:34:23.715 [SpringApplicationShutdownHook] INFO  cheese-im-postoffice - WebSocket Server shutdown completed
2026-04-08 18:34:23.715 [SpringApplicationShutdownHook] INFO  cheese-im-postoffice - Shutting down TCP Server...
2026-04-08 18:34:23.715 [nioEventLoopGroup-8-1] INFO  cheese-im-postoffice - TCP connection closed: /127.0.0.1:49448
2026-04-08 18:34:23.716 [SpringApplicationShutdownHook] INFO  cheese-im-postoffice - TCP Server shutdown completed
2026-04-08 18:34:23.717 [nioEventLoopGroup-8-16] INFO  cheese-im-postoffice - TCP connection closed: /127.0.0.1:59492
2026-04-08 18:34:23.717 [nioEventLoopGroup-8-15] INFO  cheese-im-postoffice - TCP connection closed: /127.0.0.1:59456
2026-04-08 18:34:27.389 [main] INFO  cheese-im-postoffice - Registered command handler: CHAT_SEND -> ChatMessageHandler
2026-04-08 18:34:27.389 [main] INFO  cheese-im-postoffice - Registered command handler: AUTH -> AuthMessageHandler
2026-04-08 18:34:27.389 [main] INFO  cheese-im-postoffice - Registered command handler: HEARTBEAT -> HeartbeatMessageHandler
2026-04-08 18:34:27.389 [main] INFO  cheese-im-postoffice - MessageHandlerFactory initialized with 3 handlers
2026-04-08 18:34:29.262 [main] INFO  cheese-im-postoffice - Starting TCP Server on port: 5148
2026-04-08 18:34:29.262 [main] INFO  cheese-im-postoffice - TCP SSL is disabled
2026-04-08 18:34:29.263 [main] INFO  cheese-im-postoffice - TCP Server started successfully on port: 5148
2026-04-08 18:34:29.263 [main] INFO  cheese-im-postoffice - TCP Server configuration: bossThreads=1, workerThreads=16, backlog=1024
2026-04-08 18:34:29.263 [main] INFO  cheese-im-postoffice - Starting WebSocket Server with config: ServerProperties.WebSocketConfig(enabled=true, path=/ws)
2026-04-08 18:34:29.264 [main] INFO  cheese-im-postoffice - ConnectionManager initialized, multiLoginStrategy: 同终端踢下线, timeoutMs: 300000
2026-04-08 18:34:29.265 [main] INFO  cheese-im-postoffice - WebSocket Server started successfully on port 5147
2026-04-08 18:34:29.265 [main] INFO  cheese-im-postoffice - WebSocket endpoint: ws://localhost:5147/ws
2026-04-08 18:34:29.265 [main] INFO  cheese-im-postoffice - Server configuration: bossThreads=1, workerThreads=16, maxConnections=10000
2026-04-08 18:35:31.350 [nioEventLoopGroup-8-1] INFO  cheese-im-postoffice - TCP connection established: /127.0.0.1:60642
2026-04-08 18:35:31.351 [nioEventLoopGroup-8-1] INFO  cheese-im-postoffice - Pending connection registered: connectionID=653b6e57d6284cb3a48392ea83ed1483, remoteAddress=/127.0.0.1:60642
2026-04-08 18:35:31.351 [nioEventLoopGroup-8-1] INFO  cheese-im-postoffice - TCP connection created: connectionID=653b6e57d6284cb3a48392ea83ed1483, clientIP=127.0.0.1
2026-04-08 18:35:31.388 [nioEventLoopGroup-8-1] INFO  cheese-im-postoffice - Connection added: userID=xxxcrel, connectionID=653b6e57d6284cb3a48392ea83ed1483, platform=Unknown, total=1
2026-04-08 18:35:31.388 [nioEventLoopGroup-8-1] INFO  cheese-im-postoffice - Authentication success: userID=xxxcrel, sessionID=sess:xxxcrel:cheesebox-dev, deviceID=cheesebox-dev, connectionID=653b6e57d6284cb3a48392ea83ed1483
2026-04-08 18:35:44.214 [nioEventLoopGroup-8-2] INFO  cheese-im-postoffice - TCP connection established: /127.0.0.1:60711
2026-04-08 18:35:44.214 [nioEventLoopGroup-8-2] INFO  cheese-im-postoffice - Pending connection registered: connectionID=ead75dc703374c06bf9403d2bb56e7c0, remoteAddress=/127.0.0.1:60711
2026-04-08 18:35:44.214 [nioEventLoopGroup-8-2] INFO  cheese-im-postoffice - TCP connection created: connectionID=ead75dc703374c06bf9403d2bb56e7c0, clientIP=127.0.0.1
2026-04-08 18:35:44.220 [nioEventLoopGroup-8-2] INFO  cheese-im-postoffice - Connection added: userID=xuecheng, connectionID=ead75dc703374c06bf9403d2bb56e7c0, platform=Unknown, total=2
2026-04-08 18:35:44.220 [nioEventLoopGroup-8-2] INFO  cheese-im-postoffice - Authentication success: userID=xuecheng, sessionID=sess:xuecheng:cheesebox-dev, deviceID=cheesebox-dev, connectionID=ead75dc703374c06bf9403d2bb56e7c0
2026-04-08 18:40:28.536 [nioEventLoopGroup-8-1] INFO  cheese-im-postoffice - TCP connection closed: /127.0.0.1:60642
2026-04-08 18:40:28.540 [nioEventLoopGroup-8-1] INFO  cheese-im-postoffice - Connection removed: userID=xxxcrel, connectionID=653b6e57d6284cb3a48392ea83ed1483, platform=Unknown, total=1
2026-04-08 18:40:28.540 [nioEventLoopGroup-8-1] INFO  cheese-im-postoffice - TCP connection removed: connectionID=653b6e57d6284cb3a48392ea83ed1483, userID=xxxcrel
2026-04-08 18:40:36.259 [nioEventLoopGroup-8-2] INFO  cheese-im-postoffice - TCP connection closed: /127.0.0.1:60711
2026-04-08 18:40:36.261 [nioEventLoopGroup-8-2] INFO  cheese-im-postoffice - Connection removed: userID=xuecheng, connectionID=ead75dc703374c06bf9403d2bb56e7c0, platform=Unknown, total=0
2026-04-08 18:40:36.261 [nioEventLoopGroup-8-2] INFO  cheese-im-postoffice - TCP connection removed: connectionID=ead75dc703374c06bf9403d2bb56e7c0, userID=xuecheng
2026-04-08 18:41:43.935 [nioEventLoopGroup-8-3] INFO  cheese-im-postoffice - TCP connection established: /127.0.0.1:62519
2026-04-08 18:41:43.936 [nioEventLoopGroup-8-3] INFO  cheese-im-postoffice - Pending connection registered: connectionID=ee432e1056c3439687c4c541d111a568, remoteAddress=/127.0.0.1:62519
2026-04-08 18:41:43.936 [nioEventLoopGroup-8-3] INFO  cheese-im-postoffice - TCP connection created: connectionID=ee432e1056c3439687c4c541d111a568, clientIP=127.0.0.1
2026-04-08 18:41:43.945 [nioEventLoopGroup-8-3] INFO  cheese-im-postoffice - Connection added: userID=xxxcrel, connectionID=ee432e1056c3439687c4c541d111a568, platform=Unknown, total=1
2026-04-08 18:41:43.945 [nioEventLoopGroup-8-3] INFO  cheese-im-postoffice - Authentication success: userID=xxxcrel, sessionID=sess:xxxcrel:cheesebox-dev, deviceID=cheesebox-dev, connectionID=ee432e1056c3439687c4c541d111a568
2026-04-08 18:41:51.340 [nioEventLoopGroup-8-4] INFO  cheese-im-postoffice - TCP connection established: /127.0.0.1:62559
2026-04-08 18:41:51.340 [nioEventLoopGroup-8-4] INFO  cheese-im-postoffice - Pending connection registered: connectionID=b46bf48c93494e1480d3f1e923d656c6, remoteAddress=/127.0.0.1:62559
2026-04-08 18:41:51.340 [nioEventLoopGroup-8-4] INFO  cheese-im-postoffice - TCP connection created: connectionID=b46bf48c93494e1480d3f1e923d656c6, clientIP=127.0.0.1
2026-04-08 18:41:51.348 [nioEventLoopGroup-8-4] INFO  cheese-im-postoffice - Connection added: userID=xuecheng, connectionID=b46bf48c93494e1480d3f1e923d656c6, platform=Unknown, total=2
2026-04-08 18:41:51.348 [nioEventLoopGroup-8-4] INFO  cheese-im-postoffice - Authentication success: userID=xuecheng, sessionID=sess:xuecheng:cheesebox-dev, deviceID=cheesebox-dev, connectionID=b46bf48c93494e1480d3f1e923d656c6
2026-04-08 18:42:01.798 [nioEventLoopGroup-8-3] ERROR cheese-im-postoffice - Failed to handle chat message: userID=xxxcrel, connectionID=ee432e1056c3439687c4c541d111a568
org.apache.dubbo.rpc.RpcException: java.util.concurrent.ExecutionException: org.apache.dubbo.rpc.RpcException: Failed to invoke the method isBlocked in the service com.cheeseocean.im.common.api.friend.FriendRelationService. No provider available for the service com.cheeseocean.im.common.api.friend.FriendRelationService from registry Directory(invokers: 1[127.0.0.1], validInvokers: 0[], invokersToReconnect: 1[127.0.0.1]) on the consumer 192.168.31.22 using the dubbo version 3.2.8. Please check if the providers have been started and registered.
	at org.apache.dubbo.rpc.AsyncRpcResult.getAppResponse(AsyncRpcResult.java:166)
	at org.apache.dubbo.rpc.AsyncRpcResult.recreate(AsyncRpcResult.java:230)
	at org.apache.dubbo.rpc.proxy.InvocationUtil.invoke(InvocationUtil.java:61)
	at org.apache.dubbo.rpc.proxy.InvokerInvocationHandler.invoke(InvokerInvocationHandler.java:75)
	at com.cheeseocean.im.common.api.rpc.MessageSenderDubboProxy7.sendMessage(MessageSenderDubboProxy7.java)
	at java.base/jdk.internal.reflect.NativeMethodAccessorImpl.invoke0(Native Method)
	at java.base/jdk.internal.reflect.NativeMethodAccessorImpl.invoke(NativeMethodAccessorImpl.java:77)
	at java.base/jdk.internal.reflect.DelegatingMethodAccessorImpl.invoke(DelegatingMethodAccessorImpl.java:43)
	at java.base/java.lang.reflect.Method.invoke(Method.java:568)
	at org.apache.dubbo.config.spring.util.LazyTargetInvocationHandler.invoke(LazyTargetInvocationHandler.java:54)
	at com.cheeseocean.im.common.api.rpc.MessageSenderDubboProxy7.sendMessage(MessageSenderDubboProxy7.java)
	at com.cheeseocean.im.postoffice.handler.ChatMessageHandler.handle(ChatMessageHandler.java:77)
	at com.cheeseocean.im.postoffice.server.TcpServerHandler.handleMessage(TcpServerHandler.java:173)
	at com.cheeseocean.im.postoffice.server.TcpServerHandler.channelRead0(TcpServerHandler.java:123)
	at com.cheeseocean.im.postoffice.server.TcpServerHandler.channelRead0(TcpServerHandler.java:29)
	at io.netty.channel.SimpleChannelInboundHandler.channelRead(SimpleChannelInboundHandler.java:99)
	at io.netty.channel.AbstractChannelHandlerContext.invokeChannelRead(AbstractChannelHandlerContext.java:444)
	at io.netty.channel.AbstractChannelHandlerContext.invokeChannelRead(AbstractChannelHandlerContext.java:420)
	at io.netty.channel.AbstractChannelHandlerContext.fireChannelRead(AbstractChannelHandlerContext.java:412)
	at io.netty.handler.codec.ByteToMessageDecoder.fireChannelRead(ByteToMessageDecoder.java:346)
	at io.netty.handler.codec.ByteToMessageDecoder.channelRead(ByteToMessageDecoder.java:318)
	at io.netty.channel.AbstractChannelHandlerContext.invokeChannelRead(AbstractChannelHandlerContext.java:444)
	at io.netty.channel.AbstractChannelHandlerContext.invokeChannelRead(AbstractChannelHandlerContext.java:420)
	at io.netty.channel.AbstractChannelHandlerContext.fireChannelRead(AbstractChannelHandlerContext.java:412)
	at io.netty.handler.timeout.IdleStateHandler.channelRead(IdleStateHandler.java:289)
	at io.netty.channel.AbstractChannelHandlerContext.invokeChannelRead(AbstractChannelHandlerContext.java:442)
	at io.netty.channel.AbstractChannelHandlerContext.invokeChannelRead(AbstractChannelHandlerContext.java:420)
	at io.netty.channel.AbstractChannelHandlerContext.fireChannelRead(AbstractChannelHandlerContext.java:412)
	at io.netty.channel.DefaultChannelPipeline$HeadContext.channelRead(DefaultChannelPipeline.java:1410)
	at io.netty.channel.AbstractChannelHandlerContext.invokeChannelRead(AbstractChannelHandlerContext.java:440)
	at io.netty.channel.AbstractChannelHandlerContext.invokeChannelRead(AbstractChannelHandlerContext.java:420)
	at io.netty.channel.DefaultChannelPipeline.fireChannelRead(DefaultChannelPipeline.java:919)
	at io.netty.channel.nio.AbstractNioByteChannel$NioByteUnsafe.read(AbstractNioByteChannel.java:166)
	at io.netty.channel.nio.NioEventLoop.processSelectedKey(NioEventLoop.java:788)
	at io.netty.channel.nio.NioEventLoop.processSelectedKeysOptimized(NioEventLoop.java:724)
	at io.netty.channel.nio.NioEventLoop.processSelectedKeys(NioEventLoop.java:650)
	at io.netty.channel.nio.NioEventLoop.run(NioEventLoop.java:562)
	at io.netty.util.concurrent.SingleThreadEventExecutor$4.run(SingleThreadEventExecutor.java:997)
	at io.netty.util.internal.ThreadExecutorMap$2.run(ThreadExecutorMap.java:74)
	at io.netty.util.concurrent.FastThreadLocalRunnable.run(FastThreadLocalRunnable.java:30)
	at java.base/java.lang.Thread.run(Thread.java:840)
Caused by: java.util.concurrent.ExecutionException: org.apache.dubbo.rpc.RpcException: Failed to invoke the method isBlocked in the service com.cheeseocean.im.common.api.friend.FriendRelationService. No provider available for the service com.cheeseocean.im.common.api.friend.FriendRelationService from registry Directory(invokers: 1[127.0.0.1], validInvokers: 0[], invokersToReconnect: 1[127.0.0.1]) on the consumer 192.168.31.22 using the dubbo version 3.2.8. Please check if the providers have been started and registered.
	at java.base/java.util.concurrent.CompletableFuture.reportGet(CompletableFuture.java:396)
	at java.base/java.util.concurrent.CompletableFuture.get(CompletableFuture.java:2073)
	at org.apache.dubbo.rpc.AsyncRpcResult.getAppResponse(AsyncRpcResult.java:161)
	... 40 common frames omitted
Caused by: org.apache.dubbo.rpc.RpcException: Failed to invoke the method isBlocked in the service com.cheeseocean.im.common.api.friend.FriendRelationService. No provider available for the service com.cheeseocean.im.common.api.friend.FriendRelationService from registry Directory(invokers: 1[127.0.0.1], validInvokers: 0[], invokersToReconnect: 1[127.0.0.1]) on the consumer 192.168.31.22 using the dubbo version 3.2.8. Please check if the providers have been started and registered.
	at org.apache.dubbo.rpc.cluster.support.AbstractClusterInvoker.checkInvokers(AbstractClusterInvoker.java:370)
	at org.apache.dubbo.rpc.cluster.support.FailoverClusterInvoker.doInvoke(FailoverClusterInvoker.java:73)
	at org.apache.dubbo.rpc.cluster.support.AbstractClusterInvoker.invoke(AbstractClusterInvoker.java:344)
	at org.apache.dubbo.rpc.cluster.router.RouterSnapshotFilter.invoke(RouterSnapshotFilter.java:46)
	at org.apache.dubbo.rpc.cluster.filter.FilterChainBuilder$CopyOfFilterChainNode.invoke(FilterChainBuilder.java:334)
	at org.apache.dubbo.monitor.support.MonitorFilter.invoke(MonitorFilter.java:108)
	at org.apache.dubbo.rpc.cluster.filter.FilterChainBuilder$CopyOfFilterChainNode.invoke(FilterChainBuilder.java:334)
	at org.apache.dubbo.rpc.cluster.filter.support.MetricsClusterFilter.invoke(MetricsClusterFilter.java:59)
	at org.apache.dubbo.rpc.cluster.filter.FilterChainBuilder$CopyOfFilterChainNode.invoke(FilterChainBuilder.java:334)
	at org.apache.dubbo.rpc.protocol.dubbo.filter.FutureFilter.invoke(FutureFilter.java:52)
	at org.apache.dubbo.rpc.cluster.filter.FilterChainBuilder$CopyOfFilterChainNode.invoke(FilterChainBuilder.java:334)
	at org.apache.dubbo.rpc.cluster.filter.support.ObservationSenderFilter.invoke(ObservationSenderFilter.java:61)
	at org.apache.dubbo.rpc.cluster.filter.FilterChainBuilder$CopyOfFilterChainNode.invoke(FilterChainBuilder.java:334)
	at org.apache.dubbo.spring.security.filter.ContextHolderParametersSelectedTransferFilter.invoke(ContextHolderParametersSelectedTransferFilter.java:41)
	at org.apache.dubbo.rpc.cluster.filter.FilterChainBuilder$CopyOfFilterChainNode.invoke(FilterChainBuilder.java:334)
	at org.apache.dubbo.metrics.filter.MetricsFilter.invoke(MetricsFilter.java:76)
	at org.apache.dubbo.rpc.cluster.filter.support.MetricsConsumerFilter.invoke(MetricsConsumerFilter.java:37)
	at org.apache.dubbo.rpc.cluster.filter.FilterChainBuilder$CopyOfFilterChainNode.invoke(FilterChainBuilder.java:334)
	at org.apache.dubbo.rpc.cluster.filter.support.ConsumerClassLoaderFilter.invoke(ConsumerClassLoaderFilter.java:40)
	at org.apache.dubbo.rpc.cluster.filter.FilterChainBuilder$CopyOfFilterChainNode.invoke(FilterChainBuilder.java:334)
	at org.apache.dubbo.rpc.cluster.filter.support.ConsumerContextFilter.invoke(ConsumerContextFilter.java:116)
	at org.apache.dubbo.rpc.cluster.filter.FilterChainBuilder$CopyOfFilterChainNode.invoke(FilterChainBuilder.java:334)
	at org.apache.dubbo.rpc.cluster.filter.FilterChainBuilder$CallbackRegistrationInvoker.invoke(FilterChainBuilder.java:196)
	at org.apache.dubbo.rpc.cluster.support.wrapper.AbstractCluster$ClusterFilterInvoker.invoke(AbstractCluster.java:91)
	at org.apache.dubbo.rpc.cluster.support.wrapper.MockClusterInvoker.invoke(MockClusterInvoker.java:103)
	at org.apache.dubbo.rpc.cluster.support.wrapper.ScopeClusterInvoker.invoke(ScopeClusterInvoker.java:163)
	at org.apache.dubbo.rpc.proxy.InvocationUtil.invoke(InvocationUtil.java:61)
	at org.apache.dubbo.rpc.proxy.InvokerInvocationHandler.invoke(InvokerInvocationHandler.java:75)
	at com.cheeseocean.im.common.api.friend.FriendRelationServiceDubboProxy10.isBlocked(FriendRelationServiceDubboProxy10.java)
	at java.base/jdk.internal.reflect.NativeMethodAccessorImpl.invoke0(Native Method)
	at java.base/jdk.internal.reflect.NativeMethodAccessorImpl.invoke(NativeMethodAccessorImpl.java:77)
	at java.base/jdk.internal.reflect.DelegatingMethodAccessorImpl.invoke(DelegatingMethodAccessorImpl.java:43)
	at java.base/java.lang.reflect.Method.invoke(Method.java:568)
	at org.apache.dubbo.config.spring.util.LazyTargetInvocationHandler.invoke(LazyTargetInvocationHandler.java:54)
	at com.cheeseocean.im.common.api.friend.FriendRelationServiceDubboProxy10.isBlocked(FriendRelationServiceDubboProxy10.java)
	at com.cheeseocean.im.postbox.service.MessageSenderImpl.checkSingleChatPermission(MessageSenderImpl.java:109)
	at com.cheeseocean.im.postbox.service.MessageSenderImpl.sendMessage(MessageSenderImpl.java:64)
	at com.cheeseocean.im.postbox.service.MessageSenderImplDubboWrap2.invokeMethod(MessageSenderImplDubboWrap2.java)
	at org.apache.dubbo.rpc.proxy.javassist.JavassistProxyFactory$1.doInvoke(JavassistProxyFactory.java:73)
	at org.apache.dubbo.rpc.proxy.AbstractProxyInvoker.invoke(AbstractProxyInvoker.java:100)
	at org.apache.dubbo.config.invoker.DelegateProviderMetaDataInvoker.invoke(DelegateProviderMetaDataInvoker.java:55)
	at org.apache.dubbo.rpc.filter.ClassLoaderCallbackFilter.invoke(ClassLoaderCallbackFilter.java:38)
	at org.apache.dubbo.rpc.cluster.filter.FilterChainBuilder$CopyOfFilterChainNode.invoke(FilterChainBuilder.java:334)
	at org.apache.dubbo.rpc.protocol.dubbo.filter.TraceFilter.invoke(TraceFilter.java:80)
	at org.apache.dubbo.rpc.cluster.filter.FilterChainBuilder$CopyOfFilterChainNode.invoke(FilterChainBuilder.java:334)
	at org.apache.dubbo.rpc.filter.TimeoutFilter.invoke(TimeoutFilter.java:45)
	at org.apache.dubbo.rpc.cluster.filter.FilterChainBuilder$CopyOfFilterChainNode.invoke(FilterChainBuilder.java:334)
	at org.apache.dubbo.monitor.support.MonitorFilter.invoke(MonitorFilter.java:108)
	at org.apache.dubbo.rpc.cluster.filter.FilterChainBuilder$CopyOfFilterChainNode.invoke(FilterChainBuilder.java:334)
	at org.apache.dubbo.rpc.filter.ExceptionFilter.invoke(ExceptionFilter.java:55)
	at org.apache.dubbo.rpc.cluster.filter.FilterChainBuilder$CopyOfFilterChainNode.invoke(FilterChainBuilder.java:334)
	at org.apache.dubbo.rpc.filter.AccessLogFilter.invoke(AccessLogFilter.java:119)
	at org.apache.dubbo.rpc.cluster.filter.FilterChainBuilder$CopyOfFilterChainNode.invoke(FilterChainBuilder.java:334)
	at org.apache.dubbo.metrics.observation.ObservationReceiverFilter.invoke(ObservationReceiverFilter.java:56)
	at org.apache.dubbo.rpc.cluster.filter.FilterChainBuilder$CopyOfFilterChainNode.invoke(FilterChainBuilder.java:334)
	at org.apache.dubbo.rpc.filter.GenericFilter.invoke(GenericFilter.java:208)
	at org.apache.dubbo.rpc.cluster.filter.FilterChainBuilder$CopyOfFilterChainNode.invoke(FilterChainBuilder.java:334)
	at org.apache.dubbo.rpc.filter.ClassLoaderFilter.invoke(ClassLoaderFilter.java:54)
	at org.apache.dubbo.rpc.cluster.filter.FilterChainBuilder$CopyOfFilterChainNode.invoke(FilterChainBuilder.java:334)
	at org.apache.dubbo.rpc.filter.EchoFilter.invoke(EchoFilter.java:41)
	at org.apache.dubbo.rpc.cluster.filter.FilterChainBuilder$CopyOfFilterChainNode.invoke(FilterChainBuilder.java:334)
	at org.apache.dubbo.metrics.filter.MetricsFilter.invoke(MetricsFilter.java:76)
	at org.apache.dubbo.metrics.filter.MetricsProviderFilter.invoke(MetricsProviderFilter.java:36)
	at org.apache.dubbo.rpc.cluster.filter.FilterChainBuilder$CopyOfFilterChainNode.invoke(FilterChainBuilder.java:334)
	at org.apache.dubbo.rpc.filter.ProfilerServerFilter.invoke(ProfilerServerFilter.java:64)
	at org.apache.dubbo.rpc.cluster.filter.FilterChainBuilder$CopyOfFilterChainNode.invoke(FilterChainBuilder.java:334)
	at org.apache.dubbo.rpc.filter.ContextFilter.invoke(ContextFilter.java:144)
	at org.apache.dubbo.rpc.cluster.filter.FilterChainBuilder$CopyOfFilterChainNode.invoke(FilterChainBuilder.java:334)
	at org.apache.dubbo.rpc.cluster.filter.FilterChainBuilder$CallbackRegistrationInvoker.invoke(FilterChainBuilder.java:196)
	at org.apache.dubbo.rpc.protocol.injvm.InjvmInvoker.doInvoke(InjvmInvoker.java:170)
	at org.apache.dubbo.rpc.protocol.AbstractInvoker.doInvokeAndReturn(AbstractInvoker.java:243)
	at org.apache.dubbo.rpc.protocol.AbstractInvoker.invoke(AbstractInvoker.java:187)
	at org.apache.dubbo.rpc.listener.ListenerInvokerWrapper.invoke(ListenerInvokerWrapper.java:71)
	at org.apache.dubbo.rpc.filter.RpcExceptionFilter.invoke(RpcExceptionFilter.java:41)
	at org.apache.dubbo.rpc.cluster.filter.FilterChainBuilder$CopyOfFilterChainNode.invoke(FilterChainBuilder.java:334)
	at org.apache.dubbo.rpc.cluster.filter.FilterChainBuilder$CallbackRegistrationInvoker.invoke(FilterChainBuilder.java:196)
	at org.apache.dubbo.rpc.protocol.ReferenceCountInvokerWrapper.invoke(ReferenceCountInvokerWrapper.java:95)
	at org.apache.dubbo.rpc.cluster.support.AbstractClusterInvoker.invokeWithContext(AbstractClusterInvoker.java:383)
	at org.apache.dubbo.rpc.cluster.support.FailoverClusterInvoker.doInvoke(FailoverClusterInvoker.java:80)
	at org.apache.dubbo.rpc.cluster.support.AbstractClusterInvoker.invoke(AbstractClusterInvoker.java:344)
	at org.apache.dubbo.rpc.cluster.router.RouterSnapshotFilter.invoke(RouterSnapshotFilter.java:46)
	at org.apache.dubbo.rpc.cluster.filter.FilterChainBuilder$CopyOfFilterChainNode.invoke(FilterChainBuilder.java:334)
	at org.apache.dubbo.monitor.support.MonitorFilter.invoke(MonitorFilter.java:108)
	at org.apache.dubbo.rpc.cluster.filter.FilterChainBuilder$CopyOfFilterChainNode.invoke(FilterChainBuilder.java:334)
	at org.apache.dubbo.rpc.cluster.filter.support.MetricsClusterFilter.invoke(MetricsClusterFilter.java:59)
	at org.apache.dubbo.rpc.cluster.filter.FilterChainBuilder$CopyOfFilterChainNode.invoke(FilterChainBuilder.java:334)
	at org.apache.dubbo.rpc.protocol.dubbo.filter.FutureFilter.invoke(FutureFilter.java:52)
	at org.apache.dubbo.rpc.cluster.filter.FilterChainBuilder$CopyOfFilterChainNode.invoke(FilterChainBuilder.java:334)
	at org.apache.dubbo.rpc.cluster.filter.support.ObservationSenderFilter.invoke(ObservationSenderFilter.java:61)
	at org.apache.dubbo.rpc.cluster.filter.FilterChainBuilder$CopyOfFilterChainNode.invoke(FilterChainBuilder.java:334)
	at org.apache.dubbo.spring.security.filter.ContextHolderParametersSelectedTransferFilter.invoke(ContextHolderParametersSelectedTransferFilter.java:41)
	at org.apache.dubbo.rpc.cluster.filter.FilterChainBuilder$CopyOfFilterChainNode.invoke(FilterChainBuilder.java:334)
	at org.apache.dubbo.metrics.filter.MetricsFilter.invoke(MetricsFilter.java:76)
	at org.apache.dubbo.rpc.cluster.filter.support.MetricsConsumerFilter.invoke(MetricsConsumerFilter.java:37)
	at org.apache.dubbo.rpc.cluster.filter.FilterChainBuilder$CopyOfFilterChainNode.invoke(FilterChainBuilder.java:334)
	at org.apache.dubbo.rpc.cluster.filter.support.ConsumerClassLoaderFilter.invoke(ConsumerClassLoaderFilter.java:40)
	at org.apache.dubbo.rpc.cluster.filter.FilterChainBuilder$CopyOfFilterChainNode.invoke(FilterChainBuilder.java:334)
	at org.apache.dubbo.rpc.cluster.filter.support.ConsumerContextFilter.invoke(ConsumerContextFilter.java:116)
	at org.apache.dubbo.rpc.cluster.filter.FilterChainBuilder$CopyOfFilterChainNode.invoke(FilterChainBuilder.java:334)
	at org.apache.dubbo.rpc.cluster.filter.FilterChainBuilder$CallbackRegistrationInvoker.invoke(FilterChainBuilder.java:196)
	at org.apache.dubbo.rpc.cluster.support.wrapper.AbstractCluster$ClusterFilterInvoker.invoke(AbstractCluster.java:91)
	at org.apache.dubbo.rpc.cluster.support.wrapper.MockClusterInvoker.invoke(MockClusterInvoker.java:103)
	at org.apache.dubbo.rpc.cluster.support.wrapper.ScopeClusterInvoker.invoke(ScopeClusterInvoker.java:163)
	... 39 common frames omitted
2026-04-08 18:42:01.799 [nioEventLoopGroup-8-3] WARN  cheese-im-postoffice - Message handling failed: commandType=CHAT_SEND, error=消息处理失败, from=/127.0.0.1:62519
2026-04-08 18:42:04.792 [nioEventLoopGroup-8-3] ERROR cheese-im-postoffice - Failed to handle chat message: userID=xxxcrel, connectionID=ee432e1056c3439687c4c541d111a568
org.apache.dubbo.rpc.RpcException: java.util.concurrent.ExecutionException: org.apache.dubbo.rpc.RpcException: Failed to invoke the method isBlocked in the service com.cheeseocean.im.common.api.friend.FriendRelationService. No provider available for the service com.cheeseocean.im.common.api.friend.FriendRelationService from registry Directory(invokers: 1[127.0.0.1], validInvokers: 0[], invokersToReconnect: 1[127.0.0.1]) on the consumer 192.168.31.22 using the dubbo version 3.2.8. Please check if the providers have been started and registered.
	at org.apache.dubbo.rpc.AsyncRpcResult.getAppResponse(AsyncRpcResult.java:166)
	at org.apache.dubbo.rpc.AsyncRpcResult.recreate(AsyncRpcResult.java:230)
	at org.apache.dubbo.rpc.proxy.InvocationUtil.invoke(InvocationUtil.java:61)
	at org.apache.dubbo.rpc.proxy.InvokerInvocationHandler.invoke(InvokerInvocationHandler.java:75)
	at com.cheeseocean.im.common.api.rpc.MessageSenderDubboProxy7.sendMessage(MessageSenderDubboProxy7.java)
	at java.base/jdk.internal.reflect.NativeMethodAccessorImpl.invoke0(Native Method)
	at java.base/jdk.internal.reflect.NativeMethodAccessorImpl.invoke(NativeMethodAccessorImpl.java:77)
	at java.base/jdk.internal.reflect.DelegatingMethodAccessorImpl.invoke(DelegatingMethodAccessorImpl.java:43)
	at java.base/java.lang.reflect.Method.invoke(Method.java:568)
	at org.apache.dubbo.config.spring.util.LazyTargetInvocationHandler.invoke(LazyTargetInvocationHandler.java:54)
	at com.cheeseocean.im.common.api.rpc.MessageSenderDubboProxy7.sendMessage(MessageSenderDubboProxy7.java)
	at com.cheeseocean.im.postoffice.handler.ChatMessageHandler.handle(ChatMessageHandler.java:77)
	at com.cheeseocean.im.postoffice.server.TcpServerHandler.handleMessage(TcpServerHandler.java:173)
	at com.cheeseocean.im.postoffice.server.TcpServerHandler.channelRead0(TcpServerHandler.java:123)
	at com.cheeseocean.im.postoffice.server.TcpServerHandler.channelRead0(TcpServerHandler.java:29)
	at io.netty.channel.SimpleChannelInboundHandler.channelRead(SimpleChannelInboundHandler.java:99)
	at io.netty.channel.AbstractChannelHandlerContext.invokeChannelRead(AbstractChannelHandlerContext.java:444)
	at io.netty.channel.AbstractChannelHandlerContext.invokeChannelRead(AbstractChannelHandlerContext.java:420)
	at io.netty.channel.AbstractChannelHandlerContext.fireChannelRead(AbstractChannelHandlerContext.java:412)
	at io.netty.handler.codec.ByteToMessageDecoder.fireChannelRead(ByteToMessageDecoder.java:346)
	at io.netty.handler.codec.ByteToMessageDecoder.channelRead(ByteToMessageDecoder.java:318)
	at io.netty.channel.AbstractChannelHandlerContext.invokeChannelRead(AbstractChannelHandlerContext.java:444)
	at io.netty.channel.AbstractChannelHandlerContext.invokeChannelRead(AbstractChannelHandlerContext.java:420)
	at io.netty.channel.AbstractChannelHandlerContext.fireChannelRead(AbstractChannelHandlerContext.java:412)
	at io.netty.handler.timeout.IdleStateHandler.channelRead(IdleStateHandler.java:289)
	at io.netty.channel.AbstractChannelHandlerContext.invokeChannelRead(AbstractChannelHandlerContext.java:442)
	at io.netty.channel.AbstractChannelHandlerContext.invokeChannelRead(AbstractChannelHandlerContext.java:420)
	at io.netty.channel.AbstractChannelHandlerContext.fireChannelRead(AbstractChannelHandlerContext.java:412)
	at io.netty.channel.DefaultChannelPipeline$HeadContext.channelRead(DefaultChannelPipeline.java:1410)
	at io.netty.channel.AbstractChannelHandlerContext.invokeChannelRead(AbstractChannelHandlerContext.java:440)
	at io.netty.channel.AbstractChannelHandlerContext.invokeChannelRead(AbstractChannelHandlerContext.java:420)
	at io.netty.channel.DefaultChannelPipeline.fireChannelRead(DefaultChannelPipeline.java:919)
	at io.netty.channel.nio.AbstractNioByteChannel$NioByteUnsafe.read(AbstractNioByteChannel.java:166)
	at io.netty.channel.nio.NioEventLoop.processSelectedKey(NioEventLoop.java:788)
	at io.netty.channel.nio.NioEventLoop.processSelectedKeysOptimized(NioEventLoop.java:724)
	at io.netty.channel.nio.NioEventLoop.processSelectedKeys(NioEventLoop.java:650)
	at io.netty.channel.nio.NioEventLoop.run(NioEventLoop.java:562)
	at io.netty.util.concurrent.SingleThreadEventExecutor$4.run(SingleThreadEventExecutor.java:997)
	at io.netty.util.internal.ThreadExecutorMap$2.run(ThreadExecutorMap.java:74)
	at io.netty.util.concurrent.FastThreadLocalRunnable.run(FastThreadLocalRunnable.java:30)
	at java.base/java.lang.Thread.run(Thread.java:840)
Caused by: java.util.concurrent.ExecutionException: org.apache.dubbo.rpc.RpcException: Failed to invoke the method isBlocked in the service com.cheeseocean.im.common.api.friend.FriendRelationService. No provider available for the service com.cheeseocean.im.common.api.friend.FriendRelationService from registry Directory(invokers: 1[127.0.0.1], validInvokers: 0[], invokersToReconnect: 1[127.0.0.1]) on the consumer 192.168.31.22 using the dubbo version 3.2.8. Please check if the providers have been started and registered.
	at java.base/java.util.concurrent.CompletableFuture.reportGet(CompletableFuture.java:396)
	at java.base/java.util.concurrent.CompletableFuture.get(CompletableFuture.java:2073)
	at org.apache.dubbo.rpc.AsyncRpcResult.getAppResponse(AsyncRpcResult.java:161)
	... 40 common frames omitted
Caused by: org.apache.dubbo.rpc.RpcException: Failed to invoke the method isBlocked in the service com.cheeseocean.im.common.api.friend.FriendRelationService. No provider available for the service com.cheeseocean.im.common.api.friend.FriendRelationService from registry Directory(invokers: 1[127.0.0.1], validInvokers: 0[], invokersToReconnect: 1[127.0.0.1]) on the consumer 192.168.31.22 using the dubbo version 3.2.8. Please check if the providers have been started and registered.
	at org.apache.dubbo.rpc.cluster.support.AbstractClusterInvoker.checkInvokers(AbstractClusterInvoker.java:370)
	at org.apache.dubbo.rpc.cluster.support.AbstractClusterInvoker.invoke(AbstractClusterInvoker.java:337)
	at org.apache.dubbo.rpc.cluster.router.RouterSnapshotFilter.invoke(RouterSnapshotFilter.java:46)
	at org.apache.dubbo.rpc.cluster.filter.FilterChainBuilder$CopyOfFilterChainNode.invoke(FilterChainBuilder.java:334)
	at org.apache.dubbo.monitor.support.MonitorFilter.invoke(MonitorFilter.java:108)
	at org.apache.dubbo.rpc.cluster.filter.FilterChainBuilder$CopyOfFilterChainNode.invoke(FilterChainBuilder.java:334)
	at org.apache.dubbo.rpc.cluster.filter.support.MetricsClusterFilter.invoke(MetricsClusterFilter.java:59)
	at org.apache.dubbo.rpc.cluster.filter.FilterChainBuilder$CopyOfFilterChainNode.invoke(FilterChainBuilder.java:334)
	at org.apache.dubbo.rpc.protocol.dubbo.filter.FutureFilter.invoke(FutureFilter.java:52)
	at org.apache.dubbo.rpc.cluster.filter.FilterChainBuilder$CopyOfFilterChainNode.invoke(FilterChainBuilder.java:334)
	at org.apache.dubbo.rpc.cluster.filter.support.ObservationSenderFilter.invoke(ObservationSenderFilter.java:61)
	at org.apache.dubbo.rpc.cluster.filter.FilterChainBuilder$CopyOfFilterChainNode.invoke(FilterChainBuilder.java:334)
	at org.apache.dubbo.spring.security.filter.ContextHolderParametersSelectedTransferFilter.invoke(ContextHolderParametersSelectedTransferFilter.java:41)
	at org.apache.dubbo.rpc.cluster.filter.FilterChainBuilder$CopyOfFilterChainNode.invoke(FilterChainBuilder.java:334)
	at org.apache.dubbo.metrics.filter.MetricsFilter.invoke(MetricsFilter.java:76)
	at org.apache.dubbo.rpc.cluster.filter.support.MetricsConsumerFilter.invoke(MetricsConsumerFilter.java:37)
	at org.apache.dubbo.rpc.cluster.filter.FilterChainBuilder$CopyOfFilterChainNode.invoke(FilterChainBuilder.java:334)
	at org.apache.dubbo.rpc.cluster.filter.support.ConsumerClassLoaderFilter.invoke(ConsumerClassLoaderFilter.java:40)
	at org.apache.dubbo.rpc.cluster.filter.FilterChainBuilder$CopyOfFilterChainNode.invoke(FilterChainBuilder.java:334)
	at org.apache.dubbo.rpc.cluster.filter.support.ConsumerContextFilter.invoke(ConsumerContextFilter.java:116)
	at org.apache.dubbo.rpc.cluster.filter.FilterChainBuilder$CopyOfFilterChainNode.invoke(FilterChainBuilder.java:334)
	at org.apache.dubbo.rpc.cluster.filter.FilterChainBuilder$CallbackRegistrationInvoker.invoke(FilterChainBuilder.java:196)
	at org.apache.dubbo.rpc.cluster.support.wrapper.AbstractCluster$ClusterFilterInvoker.invoke(AbstractCluster.java:91)
	at org.apache.dubbo.rpc.cluster.support.wrapper.MockClusterInvoker.invoke(MockClusterInvoker.java:103)
	at org.apache.dubbo.rpc.cluster.support.wrapper.ScopeClusterInvoker.invoke(ScopeClusterInvoker.java:163)
	at org.apache.dubbo.rpc.proxy.InvocationUtil.invoke(InvocationUtil.java:61)
	at org.apache.dubbo.rpc.proxy.InvokerInvocationHandler.invoke(InvokerInvocationHandler.java:75)
	at com.cheeseocean.im.common.api.friend.FriendRelationServiceDubboProxy10.isBlocked(FriendRelationServiceDubboProxy10.java)
	at java.base/jdk.internal.reflect.NativeMethodAccessorImpl.invoke0(Native Method)
	at java.base/jdk.internal.reflect.NativeMethodAccessorImpl.invoke(NativeMethodAccessorImpl.java:77)
	at java.base/jdk.internal.reflect.DelegatingMethodAccessorImpl.invoke(DelegatingMethodAccessorImpl.java:43)
	at java.base/java.lang.reflect.Method.invoke(Method.java:568)
	at org.apache.dubbo.config.spring.util.LazyTargetInvocationHandler.invoke(LazyTargetInvocationHandler.java:54)
	at com.cheeseocean.im.common.api.friend.FriendRelationServiceDubboProxy10.isBlocked(FriendRelationServiceDubboProxy10.java)
	at com.cheeseocean.im.postbox.service.MessageSenderImpl.checkSingleChatPermission(MessageSenderImpl.java:109)
	at com.cheeseocean.im.postbox.service.MessageSenderImpl.sendMessage(MessageSenderImpl.java:64)
	at com.cheeseocean.im.postbox.service.MessageSenderImplDubboWrap2.invokeMethod(MessageSenderImplDubboWrap2.java)
	at org.apache.dubbo.rpc.proxy.javassist.JavassistProxyFactory$1.doInvoke(JavassistProxyFactory.java:73)
	at org.apache.dubbo.rpc.proxy.AbstractProxyInvoker.invoke(AbstractProxyInvoker.java:100)
	at org.apache.dubbo.config.invoker.DelegateProviderMetaDataInvoker.invoke(DelegateProviderMetaDataInvoker.java:55)
	at org.apache.dubbo.rpc.filter.ClassLoaderCallbackFilter.invoke(ClassLoaderCallbackFilter.java:38)
	at org.apache.dubbo.rpc.cluster.filter.FilterChainBuilder$CopyOfFilterChainNode.invoke(FilterChainBuilder.java:334)
	at org.apache.dubbo.rpc.protocol.dubbo.filter.TraceFilter.invoke(TraceFilter.java:80)
	at org.apache.dubbo.rpc.cluster.filter.FilterChainBuilder$CopyOfFilterChainNode.invoke(FilterChainBuilder.java:334)
	at org.apache.dubbo.rpc.filter.TimeoutFilter.invoke(TimeoutFilter.java:45)
	at org.apache.dubbo.rpc.cluster.filter.FilterChainBuilder$CopyOfFilterChainNode.invoke(FilterChainBuilder.java:334)
	at org.apache.dubbo.monitor.support.MonitorFilter.invoke(MonitorFilter.java:108)
	at org.apache.dubbo.rpc.cluster.filter.FilterChainBuilder$CopyOfFilterChainNode.invoke(FilterChainBuilder.java:334)
	at org.apache.dubbo.rpc.filter.ExceptionFilter.invoke(ExceptionFilter.java:55)
	at org.apache.dubbo.rpc.cluster.filter.FilterChainBuilder$CopyOfFilterChainNode.invoke(FilterChainBuilder.java:334)
	at org.apache.dubbo.rpc.filter.AccessLogFilter.invoke(AccessLogFilter.java:119)
	at org.apache.dubbo.rpc.cluster.filter.FilterChainBuilder$CopyOfFilterChainNode.invoke(FilterChainBuilder.java:334)
	at org.apache.dubbo.metrics.observation.ObservationReceiverFilter.invoke(ObservationReceiverFilter.java:56)
	at org.apache.dubbo.rpc.cluster.filter.FilterChainBuilder$CopyOfFilterChainNode.invoke(FilterChainBuilder.java:334)
	at org.apache.dubbo.rpc.filter.GenericFilter.invoke(GenericFilter.java:208)
	at org.apache.dubbo.rpc.cluster.filter.FilterChainBuilder$CopyOfFilterChainNode.invoke(FilterChainBuilder.java:334)
	at org.apache.dubbo.rpc.filter.ClassLoaderFilter.invoke(ClassLoaderFilter.java:54)
	at org.apache.dubbo.rpc.cluster.filter.FilterChainBuilder$CopyOfFilterChainNode.invoke(FilterChainBuilder.java:334)
	at org.apache.dubbo.rpc.filter.EchoFilter.invoke(EchoFilter.java:41)
	at org.apache.dubbo.rpc.cluster.filter.FilterChainBuilder$CopyOfFilterChainNode.invoke(FilterChainBuilder.java:334)
	at org.apache.dubbo.metrics.filter.MetricsFilter.invoke(MetricsFilter.java:76)
	at org.apache.dubbo.metrics.filter.MetricsProviderFilter.invoke(MetricsProviderFilter.java:36)
	at org.apache.dubbo.rpc.cluster.filter.FilterChainBuilder$CopyOfFilterChainNode.invoke(FilterChainBuilder.java:334)
	at org.apache.dubbo.rpc.filter.ProfilerServerFilter.invoke(ProfilerServerFilter.java:64)
	at org.apache.dubbo.rpc.cluster.filter.FilterChainBuilder$CopyOfFilterChainNode.invoke(FilterChainBuilder.java:334)
	at org.apache.dubbo.rpc.filter.ContextFilter.invoke(ContextFilter.java:144)
	at org.apache.dubbo.rpc.cluster.filter.FilterChainBuilder$CopyOfFilterChainNode.invoke(FilterChainBuilder.java:334)
	at org.apache.dubbo.rpc.cluster.filter.FilterChainBuilder$CallbackRegistrationInvoker.invoke(FilterChainBuilder.java:196)
	at org.apache.dubbo.rpc.protocol.injvm.InjvmInvoker.doInvoke(InjvmInvoker.java:170)
	at org.apache.dubbo.rpc.protocol.AbstractInvoker.doInvokeAndReturn(AbstractInvoker.java:243)
	at org.apache.dubbo.rpc.protocol.AbstractInvoker.invoke(AbstractInvoker.java:187)
	at org.apache.dubbo.rpc.listener.ListenerInvokerWrapper.invoke(ListenerInvokerWrapper.java:71)
	at org.apache.dubbo.rpc.filter.RpcExceptionFilter.invoke(RpcExceptionFilter.java:41)
	at org.apache.dubbo.rpc.cluster.filter.FilterChainBuilder$CopyOfFilterChainNode.invoke(FilterChainBuilder.java:334)
	at org.apache.dubbo.rpc.cluster.filter.FilterChainBuilder$CallbackRegistrationInvoker.invoke(FilterChainBuilder.java:196)
	at org.apache.dubbo.rpc.protocol.ReferenceCountInvokerWrapper.invoke(ReferenceCountInvokerWrapper.java:95)
	at org.apache.dubbo.rpc.cluster.support.AbstractClusterInvoker.invokeWithContext(AbstractClusterInvoker.java:383)
	at org.apache.dubbo.rpc.cluster.support.FailoverClusterInvoker.doInvoke(FailoverClusterInvoker.java:80)
	at org.apache.dubbo.rpc.cluster.support.AbstractClusterInvoker.invoke(AbstractClusterInvoker.java:344)
	at org.apache.dubbo.rpc.cluster.router.RouterSnapshotFilter.invoke(RouterSnapshotFilter.java:46)
	at org.apache.dubbo.rpc.cluster.filter.FilterChainBuilder$CopyOfFilterChainNode.invoke(FilterChainBuilder.java:334)
	at org.apache.dubbo.monitor.support.MonitorFilter.invoke(MonitorFilter.java:108)
	at org.apache.dubbo.rpc.cluster.filter.FilterChainBuilder$CopyOfFilterChainNode.invoke(FilterChainBuilder.java:334)
	at org.apache.dubbo.rpc.cluster.filter.support.MetricsClusterFilter.invoke(MetricsClusterFilter.java:59)
	at org.apache.dubbo.rpc.cluster.filter.FilterChainBuilder$CopyOfFilterChainNode.invoke(FilterChainBuilder.java:334)
	at org.apache.dubbo.rpc.protocol.dubbo.filter.FutureFilter.invoke(FutureFilter.java:52)
	at org.apache.dubbo.rpc.cluster.filter.FilterChainBuilder$CopyOfFilterChainNode.invoke(FilterChainBuilder.java:334)
	at org.apache.dubbo.rpc.cluster.filter.support.ObservationSenderFilter.invoke(ObservationSenderFilter.java:61)
	at org.apache.dubbo.rpc.cluster.filter.FilterChainBuilder$CopyOfFilterChainNode.invoke(FilterChainBuilder.java:334)
	at org.apache.dubbo.spring.security.filter.ContextHolderParametersSelectedTransferFilter.invoke(ContextHolderParametersSelectedTransferFilter.java:41)
	at org.apache.dubbo.rpc.cluster.filter.FilterChainBuilder$CopyOfFilterChainNode.invoke(FilterChainBuilder.java:334)
	at org.apache.dubbo.metrics.filter.MetricsFilter.invoke(MetricsFilter.java:76)
	at org.apache.dubbo.rpc.cluster.filter.support.MetricsConsumerFilter.invoke(MetricsConsumerFilter.java:37)
	at org.apache.dubbo.rpc.cluster.filter.FilterChainBuilder$CopyOfFilterChainNode.invoke(FilterChainBuilder.java:334)
	at org.apache.dubbo.rpc.cluster.filter.support.ConsumerClassLoaderFilter.invoke(ConsumerClassLoaderFilter.java:40)
	at org.apache.dubbo.rpc.cluster.filter.FilterChainBuilder$CopyOfFilterChainNode.invoke(FilterChainBuilder.java:334)
	at org.apache.dubbo.rpc.cluster.filter.support.ConsumerContextFilter.invoke(ConsumerContextFilter.java:116)
	at org.apache.dubbo.rpc.cluster.filter.FilterChainBuilder$CopyOfFilterChainNode.invoke(FilterChainBuilder.java:334)
	at org.apache.dubbo.rpc.cluster.filter.FilterChainBuilder$CallbackRegistrationInvoker.invoke(FilterChainBuilder.java:196)
	at org.apache.dubbo.rpc.cluster.support.wrapper.AbstractCluster$ClusterFilterInvoker.invoke(AbstractCluster.java:91)
	at org.apache.dubbo.rpc.cluster.support.wrapper.MockClusterInvoker.invoke(MockClusterInvoker.java:103)
	at org.apache.dubbo.rpc.cluster.support.wrapper.ScopeClusterInvoker.invoke(ScopeClusterInvoker.java:163)
	... 39 common frames omitted
2026-04-08 18:42:04.793 [nioEventLoopGroup-8-3] WARN  cheese-im-postoffice - Message handling failed: commandType=CHAT_SEND, error=消息处理失败, from=/127.0.0.1:62519
2026-04-08 18:42:14.584 [nioEventLoopGroup-8-4] ERROR cheese-im-postoffice - Failed to handle chat message: userID=xuecheng, connectionID=b46bf48c93494e1480d3f1e923d656c6
org.apache.dubbo.rpc.RpcException: java.util.concurrent.ExecutionException: org.apache.dubbo.rpc.RpcException: Failed to invoke the method isBlocked in the service com.cheeseocean.im.common.api.friend.FriendRelationService. No provider available for the service com.cheeseocean.im.common.api.friend.FriendRelationService from registry Directory(invokers: 1[127.0.0.1], validInvokers: 0[], invokersToReconnect: 1[127.0.0.1]) on the consumer 192.168.31.22 using the dubbo version 3.2.8. Please check if the providers have been started and registered.
	at org.apache.dubbo.rpc.AsyncRpcResult.getAppResponse(AsyncRpcResult.java:166)
	at org.apache.dubbo.rpc.AsyncRpcResult.recreate(AsyncRpcResult.java:230)
	at org.apache.dubbo.rpc.proxy.InvocationUtil.invoke(InvocationUtil.java:61)
	at org.apache.dubbo.rpc.proxy.InvokerInvocationHandler.invoke(InvokerInvocationHandler.java:75)
	at com.cheeseocean.im.common.api.rpc.MessageSenderDubboProxy7.sendMessage(MessageSenderDubboProxy7.java)
	at java.base/jdk.internal.reflect.NativeMethodAccessorImpl.invoke0(Native Method)
	at java.base/jdk.internal.reflect.NativeMethodAccessorImpl.invoke(NativeMethodAccessorImpl.java:77)
	at java.base/jdk.internal.reflect.DelegatingMethodAccessorImpl.invoke(DelegatingMethodAccessorImpl.java:43)
	at java.base/java.lang.reflect.Method.invoke(Method.java:568)
	at org.apache.dubbo.config.spring.util.LazyTargetInvocationHandler.invoke(LazyTargetInvocationHandler.java:54)
	at com.cheeseocean.im.common.api.rpc.MessageSenderDubboProxy7.sendMessage(MessageSenderDubboProxy7.java)
	at com.cheeseocean.im.postoffice.handler.ChatMessageHandler.handle(ChatMessageHandler.java:77)
	at com.cheeseocean.im.postoffice.server.TcpServerHandler.handleMessage(TcpServerHandler.java:173)
	at com.cheeseocean.im.postoffice.server.TcpServerHandler.channelRead0(TcpServerHandler.java:123)
	at com.cheeseocean.im.postoffice.server.TcpServerHandler.channelRead0(TcpServerHandler.java:29)
	at io.netty.channel.SimpleChannelInboundHandler.channelRead(SimpleChannelInboundHandler.java:99)
	at io.netty.channel.AbstractChannelHandlerContext.invokeChannelRead(AbstractChannelHandlerContext.java:444)
	at io.netty.channel.AbstractChannelHandlerContext.invokeChannelRead(AbstractChannelHandlerContext.java:420)
	at io.netty.channel.AbstractChannelHandlerContext.fireChannelRead(AbstractChannelHandlerContext.java:412)
	at io.netty.handler.codec.ByteToMessageDecoder.fireChannelRead(ByteToMessageDecoder.java:346)
	at io.netty.handler.codec.ByteToMessageDecoder.channelRead(ByteToMessageDecoder.java:318)
	at io.netty.channel.AbstractChannelHandlerContext.invokeChannelRead(AbstractChannelHandlerContext.java:444)
	at io.netty.channel.AbstractChannelHandlerContext.invokeChannelRead(AbstractChannelHandlerContext.java:420)
	at io.netty.channel.AbstractChannelHandlerContext.fireChannelRead(AbstractChannelHandlerContext.java:412)
	at io.netty.handler.timeout.IdleStateHandler.channelRead(IdleStateHandler.java:289)
	at io.netty.channel.AbstractChannelHandlerContext.invokeChannelRead(AbstractChannelHandlerContext.java:442)
	at io.netty.channel.AbstractChannelHandlerContext.invokeChannelRead(AbstractChannelHandlerContext.java:420)
	at io.netty.channel.AbstractChannelHandlerContext.fireChannelRead(AbstractChannelHandlerContext.java:412)
	at io.netty.channel.DefaultChannelPipeline$HeadContext.channelRead(DefaultChannelPipeline.java:1410)
	at io.netty.channel.AbstractChannelHandlerContext.invokeChannelRead(AbstractChannelHandlerContext.java:440)
	at io.netty.channel.AbstractChannelHandlerContext.invokeChannelRead(AbstractChannelHandlerContext.java:420)
	at io.netty.channel.DefaultChannelPipeline.fireChannelRead(DefaultChannelPipeline.java:919)
	at io.netty.channel.nio.AbstractNioByteChannel$NioByteUnsafe.read(AbstractNioByteChannel.java:166)
	at io.netty.channel.nio.NioEventLoop.processSelectedKey(NioEventLoop.java:788)
	at io.netty.channel.nio.NioEventLoop.processSelectedKeysOptimized(NioEventLoop.java:724)
	at io.netty.channel.nio.NioEventLoop.processSelectedKeys(NioEventLoop.java:650)
	at io.netty.channel.nio.NioEventLoop.run(NioEventLoop.java:562)
	at io.netty.util.concurrent.SingleThreadEventExecutor$4.run(SingleThreadEventExecutor.java:997)
	at io.netty.util.internal.ThreadExecutorMap$2.run(ThreadExecutorMap.java:74)
	at io.netty.util.concurrent.FastThreadLocalRunnable.run(FastThreadLocalRunnable.java:30)
	at java.base/java.lang.Thread.run(Thread.java:840)
Caused by: java.util.concurrent.ExecutionException: org.apache.dubbo.rpc.RpcException: Failed to invoke the method isBlocked in the service com.cheeseocean.im.common.api.friend.FriendRelationService. No provider available for the service com.cheeseocean.im.common.api.friend.FriendRelationService from registry Directory(invokers: 1[127.0.0.1], validInvokers: 0[], invokersToReconnect: 1[127.0.0.1]) on the consumer 192.168.31.22 using the dubbo version 3.2.8. Please check if the providers have been started and registered.
	at java.base/java.util.concurrent.CompletableFuture.reportGet(CompletableFuture.java:396)
	at java.base/java.util.concurrent.CompletableFuture.get(CompletableFuture.java:2073)
	at org.apache.dubbo.rpc.AsyncRpcResult.getAppResponse(AsyncRpcResult.java:161)
	... 40 common frames omitted
Caused by: org.apache.dubbo.rpc.RpcException: Failed to invoke the method isBlocked in the service com.cheeseocean.im.common.api.friend.FriendRelationService. No provider available for the service com.cheeseocean.im.common.api.friend.FriendRelationService from registry Directory(invokers: 1[127.0.0.1], validInvokers: 0[], invokersToReconnect: 1[127.0.0.1]) on the consumer 192.168.31.22 using the dubbo version 3.2.8. Please check if the providers have been started and registered.
	at org.apache.dubbo.rpc.cluster.support.AbstractClusterInvoker.checkInvokers(AbstractClusterInvoker.java:370)
	at org.apache.dubbo.rpc.cluster.support.AbstractClusterInvoker.invoke(AbstractClusterInvoker.java:337)
	at org.apache.dubbo.rpc.cluster.router.RouterSnapshotFilter.invoke(RouterSnapshotFilter.java:46)
	at org.apache.dubbo.rpc.cluster.filter.FilterChainBuilder$CopyOfFilterChainNode.invoke(FilterChainBuilder.java:334)
	at org.apache.dubbo.monitor.support.MonitorFilter.invoke(MonitorFilter.java:108)
	at org.apache.dubbo.rpc.cluster.filter.FilterChainBuilder$CopyOfFilterChainNode.invoke(FilterChainBuilder.java:334)
	at org.apache.dubbo.rpc.cluster.filter.support.MetricsClusterFilter.invoke(MetricsClusterFilter.java:59)
	at org.apache.dubbo.rpc.cluster.filter.FilterChainBuilder$CopyOfFilterChainNode.invoke(FilterChainBuilder.java:334)
	at org.apache.dubbo.rpc.protocol.dubbo.filter.FutureFilter.invoke(FutureFilter.java:52)
	at org.apache.dubbo.rpc.cluster.filter.FilterChainBuilder$CopyOfFilterChainNode.invoke(FilterChainBuilder.java:334)
	at org.apache.dubbo.rpc.cluster.filter.support.ObservationSenderFilter.invoke(ObservationSenderFilter.java:61)
	at org.apache.dubbo.rpc.cluster.filter.FilterChainBuilder$CopyOfFilterChainNode.invoke(FilterChainBuilder.java:334)
	at org.apache.dubbo.spring.security.filter.ContextHolderParametersSelectedTransferFilter.invoke(ContextHolderParametersSelectedTransferFilter.java:41)
	at org.apache.dubbo.rpc.cluster.filter.FilterChainBuilder$CopyOfFilterChainNode.invoke(FilterChainBuilder.java:334)
	at org.apache.dubbo.metrics.filter.MetricsFilter.invoke(MetricsFilter.java:76)
	at org.apache.dubbo.rpc.cluster.filter.support.MetricsConsumerFilter.invoke(MetricsConsumerFilter.java:37)
	at org.apache.dubbo.rpc.cluster.filter.FilterChainBuilder$CopyOfFilterChainNode.invoke(FilterChainBuilder.java:334)
	at org.apache.dubbo.rpc.cluster.filter.support.ConsumerClassLoaderFilter.invoke(ConsumerClassLoaderFilter.java:40)
	at org.apache.dubbo.rpc.cluster.filter.FilterChainBuilder$CopyOfFilterChainNode.invoke(FilterChainBuilder.java:334)
	at org.apache.dubbo.rpc.cluster.filter.support.ConsumerContextFilter.invoke(ConsumerContextFilter.java:116)
	at org.apache.dubbo.rpc.cluster.filter.FilterChainBuilder$CopyOfFilterChainNode.invoke(FilterChainBuilder.java:334)
	at org.apache.dubbo.rpc.cluster.filter.FilterChainBuilder$CallbackRegistrationInvoker.invoke(FilterChainBuilder.java:196)
	at org.apache.dubbo.rpc.cluster.support.wrapper.AbstractCluster$ClusterFilterInvoker.invoke(AbstractCluster.java:91)
	at org.apache.dubbo.rpc.cluster.support.wrapper.MockClusterInvoker.invoke(MockClusterInvoker.java:103)
	at org.apache.dubbo.rpc.cluster.support.wrapper.ScopeClusterInvoker.invoke(ScopeClusterInvoker.java:163)
	at org.apache.dubbo.rpc.proxy.InvocationUtil.invoke(InvocationUtil.java:61)
	at org.apache.dubbo.rpc.proxy.InvokerInvocationHandler.invoke(InvokerInvocationHandler.java:75)
	at com.cheeseocean.im.common.api.friend.FriendRelationServiceDubboProxy10.isBlocked(FriendRelationServiceDubboProxy10.java)
	at java.base/jdk.internal.reflect.NativeMethodAccessorImpl.invoke0(Native Method)
	at java.base/jdk.internal.reflect.NativeMethodAccessorImpl.invoke(NativeMethodAccessorImpl.java:77)
	at java.base/jdk.internal.reflect.DelegatingMethodAccessorImpl.invoke(DelegatingMethodAccessorImpl.java:43)
	at java.base/java.lang.reflect.Method.invoke(Method.java:568)
	at org.apache.dubbo.config.spring.util.LazyTargetInvocationHandler.invoke(LazyTargetInvocationHandler.java:54)
	at com.cheeseocean.im.common.api.friend.FriendRelationServiceDubboProxy10.isBlocked(FriendRelationServiceDubboProxy10.java)
	at com.cheeseocean.im.postbox.service.MessageSenderImpl.checkSingleChatPermission(MessageSenderImpl.java:109)
	at com.cheeseocean.im.postbox.service.MessageSenderImpl.sendMessage(MessageSenderImpl.java:64)
	at com.cheeseocean.im.postbox.service.MessageSenderImplDubboWrap2.invokeMethod(MessageSenderImplDubboWrap2.java)
	at org.apache.dubbo.rpc.proxy.javassist.JavassistProxyFactory$1.doInvoke(JavassistProxyFactory.java:73)
	at org.apache.dubbo.rpc.proxy.AbstractProxyInvoker.invoke(AbstractProxyInvoker.java:100)
	at org.apache.dubbo.config.invoker.DelegateProviderMetaDataInvoker.invoke(DelegateProviderMetaDataInvoker.java:55)
	at org.apache.dubbo.rpc.filter.ClassLoaderCallbackFilter.invoke(ClassLoaderCallbackFilter.java:38)
	at org.apache.dubbo.rpc.cluster.filter.FilterChainBuilder$CopyOfFilterChainNode.invoke(FilterChainBuilder.java:334)
	at org.apache.dubbo.rpc.protocol.dubbo.filter.TraceFilter.invoke(TraceFilter.java:80)
	at org.apache.dubbo.rpc.cluster.filter.FilterChainBuilder$CopyOfFilterChainNode.invoke(FilterChainBuilder.java:334)
	at org.apache.dubbo.rpc.filter.TimeoutFilter.invoke(TimeoutFilter.java:45)
	at org.apache.dubbo.rpc.cluster.filter.FilterChainBuilder$CopyOfFilterChainNode.invoke(FilterChainBuilder.java:334)
	at org.apache.dubbo.monitor.support.MonitorFilter.invoke(MonitorFilter.java:108)
	at org.apache.dubbo.rpc.cluster.filter.FilterChainBuilder$CopyOfFilterChainNode.invoke(FilterChainBuilder.java:334)
	at org.apache.dubbo.rpc.filter.ExceptionFilter.invoke(ExceptionFilter.java:55)
	at org.apache.dubbo.rpc.cluster.filter.FilterChainBuilder$CopyOfFilterChainNode.invoke(FilterChainBuilder.java:334)
	at org.apache.dubbo.rpc.filter.AccessLogFilter.invoke(AccessLogFilter.java:119)
	at org.apache.dubbo.rpc.cluster.filter.FilterChainBuilder$CopyOfFilterChainNode.invoke(FilterChainBuilder.java:334)
	at org.apache.dubbo.metrics.observation.ObservationReceiverFilter.invoke(ObservationReceiverFilter.java:56)
	at org.apache.dubbo.rpc.cluster.filter.FilterChainBuilder$CopyOfFilterChainNode.invoke(FilterChainBuilder.java:334)
	at org.apache.dubbo.rpc.filter.GenericFilter.invoke(GenericFilter.java:208)
	at org.apache.dubbo.rpc.cluster.filter.FilterChainBuilder$CopyOfFilterChainNode.invoke(FilterChainBuilder.java:334)
	at org.apache.dubbo.rpc.filter.ClassLoaderFilter.invoke(ClassLoaderFilter.java:54)
	at org.apache.dubbo.rpc.cluster.filter.FilterChainBuilder$CopyOfFilterChainNode.invoke(FilterChainBuilder.java:334)
	at org.apache.dubbo.rpc.filter.EchoFilter.invoke(EchoFilter.java:41)
	at org.apache.dubbo.rpc.cluster.filter.FilterChainBuilder$CopyOfFilterChainNode.invoke(FilterChainBuilder.java:334)
	at org.apache.dubbo.metrics.filter.MetricsFilter.invoke(MetricsFilter.java:76)
	at org.apache.dubbo.metrics.filter.MetricsProviderFilter.invoke(MetricsProviderFilter.java:36)
	at org.apache.dubbo.rpc.cluster.filter.FilterChainBuilder$CopyOfFilterChainNode.invoke(FilterChainBuilder.java:334)
	at org.apache.dubbo.rpc.filter.ProfilerServerFilter.invoke(ProfilerServerFilter.java:64)
	at org.apache.dubbo.rpc.cluster.filter.FilterChainBuilder$CopyOfFilterChainNode.invoke(FilterChainBuilder.java:334)
	at org.apache.dubbo.rpc.filter.ContextFilter.invoke(ContextFilter.java:144)
	at org.apache.dubbo.rpc.cluster.filter.FilterChainBuilder$CopyOfFilterChainNode.invoke(FilterChainBuilder.java:334)
	at org.apache.dubbo.rpc.cluster.filter.FilterChainBuilder$CallbackRegistrationInvoker.invoke(FilterChainBuilder.java:196)
	at org.apache.dubbo.rpc.protocol.injvm.InjvmInvoker.doInvoke(InjvmInvoker.java:170)
	at org.apache.dubbo.rpc.protocol.AbstractInvoker.doInvokeAndReturn(AbstractInvoker.java:243)
	at org.apache.dubbo.rpc.protocol.AbstractInvoker.invoke(AbstractInvoker.java:187)
	at org.apache.dubbo.rpc.listener.ListenerInvokerWrapper.invoke(ListenerInvokerWrapper.java:71)
	at org.apache.dubbo.rpc.filter.RpcExceptionFilter.invoke(RpcExceptionFilter.java:41)
	at org.apache.dubbo.rpc.cluster.filter.FilterChainBuilder$CopyOfFilterChainNode.invoke(FilterChainBuilder.java:334)
	at org.apache.dubbo.rpc.cluster.filter.FilterChainBuilder$CallbackRegistrationInvoker.invoke(FilterChainBuilder.java:196)
	at org.apache.dubbo.rpc.protocol.ReferenceCountInvokerWrapper.invoke(ReferenceCountInvokerWrapper.java:95)
	at org.apache.dubbo.rpc.cluster.support.AbstractClusterInvoker.invokeWithContext(AbstractClusterInvoker.java:383)
	at org.apache.dubbo.rpc.cluster.support.FailoverClusterInvoker.doInvoke(FailoverClusterInvoker.java:80)
	at org.apache.dubbo.rpc.cluster.support.AbstractClusterInvoker.invoke(AbstractClusterInvoker.java:344)
	at org.apache.dubbo.rpc.cluster.router.RouterSnapshotFilter.invoke(RouterSnapshotFilter.java:46)
	at org.apache.dubbo.rpc.cluster.filter.FilterChainBuilder$CopyOfFilterChainNode.invoke(FilterChainBuilder.java:334)
	at org.apache.dubbo.monitor.support.MonitorFilter.invoke(MonitorFilter.java:108)
	at org.apache.dubbo.rpc.cluster.filter.FilterChainBuilder$CopyOfFilterChainNode.invoke(FilterChainBuilder.java:334)
	at org.apache.dubbo.rpc.cluster.filter.support.MetricsClusterFilter.invoke(MetricsClusterFilter.java:59)
	at org.apache.dubbo.rpc.cluster.filter.FilterChainBuilder$CopyOfFilterChainNode.invoke(FilterChainBuilder.java:334)
	at org.apache.dubbo.rpc.protocol.dubbo.filter.FutureFilter.invoke(FutureFilter.java:52)
	at org.apache.dubbo.rpc.cluster.filter.FilterChainBuilder$CopyOfFilterChainNode.invoke(FilterChainBuilder.java:334)
	at org.apache.dubbo.rpc.cluster.filter.support.ObservationSenderFilter.invoke(ObservationSenderFilter.java:61)
	at org.apache.dubbo.rpc.cluster.filter.FilterChainBuilder$CopyOfFilterChainNode.invoke(FilterChainBuilder.java:334)
	at org.apache.dubbo.spring.security.filter.ContextHolderParametersSelectedTransferFilter.invoke(ContextHolderParametersSelectedTransferFilter.java:41)
	at org.apache.dubbo.rpc.cluster.filter.FilterChainBuilder$CopyOfFilterChainNode.invoke(FilterChainBuilder.java:334)
	at org.apache.dubbo.metrics.filter.MetricsFilter.invoke(MetricsFilter.java:76)
	at org.apache.dubbo.rpc.cluster.filter.support.MetricsConsumerFilter.invoke(MetricsConsumerFilter.java:37)
	at org.apache.dubbo.rpc.cluster.filter.FilterChainBuilder$CopyOfFilterChainNode.invoke(FilterChainBuilder.java:334)
	at org.apache.dubbo.rpc.cluster.filter.support.ConsumerClassLoaderFilter.invoke(ConsumerClassLoaderFilter.java:40)
	at org.apache.dubbo.rpc.cluster.filter.FilterChainBuilder$CopyOfFilterChainNode.invoke(FilterChainBuilder.java:334)
	at org.apache.dubbo.rpc.cluster.filter.support.ConsumerContextFilter.invoke(ConsumerContextFilter.java:116)
	at org.apache.dubbo.rpc.cluster.filter.FilterChainBuilder$CopyOfFilterChainNode.invoke(FilterChainBuilder.java:334)
	at org.apache.dubbo.rpc.cluster.filter.FilterChainBuilder$CallbackRegistrationInvoker.invoke(FilterChainBuilder.java:196)
	at org.apache.dubbo.rpc.cluster.support.wrapper.AbstractCluster$ClusterFilterInvoker.invoke(AbstractCluster.java:91)
	at org.apache.dubbo.rpc.cluster.support.wrapper.MockClusterInvoker.invoke(MockClusterInvoker.java:103)
	at org.apache.dubbo.rpc.cluster.support.wrapper.ScopeClusterInvoker.invoke(ScopeClusterInvoker.java:163)
	... 39 common frames omitted
2026-04-08 18:42:14.586 [nioEventLoopGroup-8-4] WARN  cheese-im-postoffice - Message handling failed: commandType=CHAT_SEND, error=消息处理失败, from=/127.0.0.1:62559
2026-04-08 18:42:17.312 [nioEventLoopGroup-8-4] ERROR cheese-im-postoffice - Failed to handle chat message: userID=xuecheng, connectionID=b46bf48c93494e1480d3f1e923d656c6
org.apache.dubbo.rpc.RpcException: java.util.concurrent.ExecutionException: org.apache.dubbo.rpc.RpcException: Failed to invoke the method isBlocked in the service com.cheeseocean.im.common.api.friend.FriendRelationService. No provider available for the service com.cheeseocean.im.common.api.friend.FriendRelationService from registry Directory(invokers: 1[127.0.0.1], validInvokers: 0[], invokersToReconnect: 1[127.0.0.1]) on the consumer 192.168.31.22 using the dubbo version 3.2.8. Please check if the providers have been started and registered.
	at org.apache.dubbo.rpc.AsyncRpcResult.getAppResponse(AsyncRpcResult.java:166)
	at org.apache.dubbo.rpc.AsyncRpcResult.recreate(AsyncRpcResult.java:230)
	at org.apache.dubbo.rpc.proxy.InvocationUtil.invoke(InvocationUtil.java:61)
	at org.apache.dubbo.rpc.proxy.InvokerInvocationHandler.invoke(InvokerInvocationHandler.java:75)
	at com.cheeseocean.im.common.api.rpc.MessageSenderDubboProxy7.sendMessage(MessageSenderDubboProxy7.java)
	at java.base/jdk.internal.reflect.NativeMethodAccessorImpl.invoke0(Native Method)
	at java.base/jdk.internal.reflect.NativeMethodAccessorImpl.invoke(NativeMethodAccessorImpl.java:77)
	at java.base/jdk.internal.reflect.DelegatingMethodAccessorImpl.invoke(DelegatingMethodAccessorImpl.java:43)
	at java.base/java.lang.reflect.Method.invoke(Method.java:568)
	at org.apache.dubbo.config.spring.util.LazyTargetInvocationHandler.invoke(LazyTargetInvocationHandler.java:54)
	at com.cheeseocean.im.common.api.rpc.MessageSenderDubboProxy7.sendMessage(MessageSenderDubboProxy7.java)
	at com.cheeseocean.im.postoffice.handler.ChatMessageHandler.handle(ChatMessageHandler.java:77)
	at com.cheeseocean.im.postoffice.server.TcpServerHandler.handleMessage(TcpServerHandler.java:173)
	at com.cheeseocean.im.postoffice.server.TcpServerHandler.channelRead0(TcpServerHandler.java:123)
	at com.cheeseocean.im.postoffice.server.TcpServerHandler.channelRead0(TcpServerHandler.java:29)
	at io.netty.channel.SimpleChannelInboundHandler.channelRead(SimpleChannelInboundHandler.java:99)
	at io.netty.channel.AbstractChannelHandlerContext.invokeChannelRead(AbstractChannelHandlerContext.java:444)
	at io.netty.channel.AbstractChannelHandlerContext.invokeChannelRead(AbstractChannelHandlerContext.java:420)
	at io.netty.channel.AbstractChannelHandlerContext.fireChannelRead(AbstractChannelHandlerContext.java:412)
	at io.netty.handler.codec.ByteToMessageDecoder.fireChannelRead(ByteToMessageDecoder.java:346)
	at io.netty.handler.codec.ByteToMessageDecoder.channelRead(ByteToMessageDecoder.java:318)
	at io.netty.channel.AbstractChannelHandlerContext.invokeChannelRead(AbstractChannelHandlerContext.java:444)
	at io.netty.channel.AbstractChannelHandlerContext.invokeChannelRead(AbstractChannelHandlerContext.java:420)
	at io.netty.channel.AbstractChannelHandlerContext.fireChannelRead(AbstractChannelHandlerContext.java:412)
	at io.netty.handler.timeout.IdleStateHandler.channelRead(IdleStateHandler.java:289)
	at io.netty.channel.AbstractChannelHandlerContext.invokeChannelRead(AbstractChannelHandlerContext.java:442)
	at io.netty.channel.AbstractChannelHandlerContext.invokeChannelRead(AbstractChannelHandlerContext.java:420)
	at io.netty.channel.AbstractChannelHandlerContext.fireChannelRead(AbstractChannelHandlerContext.java:412)
	at io.netty.channel.DefaultChannelPipeline$HeadContext.channelRead(DefaultChannelPipeline.java:1410)
	at io.netty.channel.AbstractChannelHandlerContext.invokeChannelRead(AbstractChannelHandlerContext.java:440)
	at io.netty.channel.AbstractChannelHandlerContext.invokeChannelRead(AbstractChannelHandlerContext.java:420)
	at io.netty.channel.DefaultChannelPipeline.fireChannelRead(DefaultChannelPipeline.java:919)
	at io.netty.channel.nio.AbstractNioByteChannel$NioByteUnsafe.read(AbstractNioByteChannel.java:166)
	at io.netty.channel.nio.NioEventLoop.processSelectedKey(NioEventLoop.java:788)
	at io.netty.channel.nio.NioEventLoop.processSelectedKeysOptimized(NioEventLoop.java:724)
	at io.netty.channel.nio.NioEventLoop.processSelectedKeys(NioEventLoop.java:650)
	at io.netty.channel.nio.NioEventLoop.run(NioEventLoop.java:562)
	at io.netty.util.concurrent.SingleThreadEventExecutor$4.run(SingleThreadEventExecutor.java:997)
	at io.netty.util.internal.ThreadExecutorMap$2.run(ThreadExecutorMap.java:74)
	at io.netty.util.concurrent.FastThreadLocalRunnable.run(FastThreadLocalRunnable.java:30)
	at java.base/java.lang.Thread.run(Thread.java:840)
Caused by: java.util.concurrent.ExecutionException: org.apache.dubbo.rpc.RpcException: Failed to invoke the method isBlocked in the service com.cheeseocean.im.common.api.friend.FriendRelationService. No provider available for the service com.cheeseocean.im.common.api.friend.FriendRelationService from registry Directory(invokers: 1[127.0.0.1], validInvokers: 0[], invokersToReconnect: 1[127.0.0.1]) on the consumer 192.168.31.22 using the dubbo version 3.2.8. Please check if the providers have been started and registered.
	at java.base/java.util.concurrent.CompletableFuture.reportGet(CompletableFuture.java:396)
	at java.base/java.util.concurrent.CompletableFuture.get(CompletableFuture.java:2073)
	at org.apache.dubbo.rpc.AsyncRpcResult.getAppResponse(AsyncRpcResult.java:161)
	... 40 common frames omitted
Caused by: org.apache.dubbo.rpc.RpcException: Failed to invoke the method isBlocked in the service com.cheeseocean.im.common.api.friend.FriendRelationService. No provider available for the service com.cheeseocean.im.common.api.friend.FriendRelationService from registry Directory(invokers: 1[127.0.0.1], validInvokers: 0[], invokersToReconnect: 1[127.0.0.1]) on the consumer 192.168.31.22 using the dubbo version 3.2.8. Please check if the providers have been started and registered.
	at org.apache.dubbo.rpc.cluster.support.AbstractClusterInvoker.checkInvokers(AbstractClusterInvoker.java:370)
	at org.apache.dubbo.rpc.cluster.support.AbstractClusterInvoker.invoke(AbstractClusterInvoker.java:337)
	at org.apache.dubbo.rpc.cluster.router.RouterSnapshotFilter.invoke(RouterSnapshotFilter.java:46)
	at org.apache.dubbo.rpc.cluster.filter.FilterChainBuilder$CopyOfFilterChainNode.invoke(FilterChainBuilder.java:334)
	at org.apache.dubbo.monitor.support.MonitorFilter.invoke(MonitorFilter.java:108)
	at org.apache.dubbo.rpc.cluster.filter.FilterChainBuilder$CopyOfFilterChainNode.invoke(FilterChainBuilder.java:334)
	at org.apache.dubbo.rpc.cluster.filter.support.MetricsClusterFilter.invoke(MetricsClusterFilter.java:59)
	at org.apache.dubbo.rpc.cluster.filter.FilterChainBuilder$CopyOfFilterChainNode.invoke(FilterChainBuilder.java:334)
	at org.apache.dubbo.rpc.protocol.dubbo.filter.FutureFilter.invoke(FutureFilter.java:52)
	at org.apache.dubbo.rpc.cluster.filter.FilterChainBuilder$CopyOfFilterChainNode.invoke(FilterChainBuilder.java:334)
	at org.apache.dubbo.rpc.cluster.filter.support.ObservationSenderFilter.invoke(ObservationSenderFilter.java:61)
	at org.apache.dubbo.rpc.cluster.filter.FilterChainBuilder$CopyOfFilterChainNode.invoke(FilterChainBuilder.java:334)
	at org.apache.dubbo.spring.security.filter.ContextHolderParametersSelectedTransferFilter.invoke(ContextHolderParametersSelectedTransferFilter.java:41)
	at org.apache.dubbo.rpc.cluster.filter.FilterChainBuilder$CopyOfFilterChainNode.invoke(FilterChainBuilder.java:334)
	at org.apache.dubbo.metrics.filter.MetricsFilter.invoke(MetricsFilter.java:76)
	at org.apache.dubbo.rpc.cluster.filter.support.MetricsConsumerFilter.invoke(MetricsConsumerFilter.java:37)
	at org.apache.dubbo.rpc.cluster.filter.FilterChainBuilder$CopyOfFilterChainNode.invoke(FilterChainBuilder.java:334)
	at org.apache.dubbo.rpc.cluster.filter.support.ConsumerClassLoaderFilter.invoke(ConsumerClassLoaderFilter.java:40)
	at org.apache.dubbo.rpc.cluster.filter.FilterChainBuilder$CopyOfFilterChainNode.invoke(FilterChainBuilder.java:334)
	at org.apache.dubbo.rpc.cluster.filter.support.ConsumerContextFilter.invoke(ConsumerContextFilter.java:116)
	at org.apache.dubbo.rpc.cluster.filter.FilterChainBuilder$CopyOfFilterChainNode.invoke(FilterChainBuilder.java:334)
	at org.apache.dubbo.rpc.cluster.filter.FilterChainBuilder$CallbackRegistrationInvoker.invoke(FilterChainBuilder.java:196)
	at org.apache.dubbo.rpc.cluster.support.wrapper.AbstractCluster$ClusterFilterInvoker.invoke(AbstractCluster.java:91)
	at org.apache.dubbo.rpc.cluster.support.wrapper.MockClusterInvoker.invoke(MockClusterInvoker.java:103)
	at org.apache.dubbo.rpc.cluster.support.wrapper.ScopeClusterInvoker.invoke(ScopeClusterInvoker.java:163)
	at org.apache.dubbo.rpc.proxy.InvocationUtil.invoke(InvocationUtil.java:61)
	at org.apache.dubbo.rpc.proxy.InvokerInvocationHandler.invoke(InvokerInvocationHandler.java:75)
	at com.cheeseocean.im.common.api.friend.FriendRelationServiceDubboProxy10.isBlocked(FriendRelationServiceDubboProxy10.java)
	at java.base/jdk.internal.reflect.NativeMethodAccessorImpl.invoke0(Native Method)
	at java.base/jdk.internal.reflect.NativeMethodAccessorImpl.invoke(NativeMethodAccessorImpl.java:77)
	at java.base/jdk.internal.reflect.DelegatingMethodAccessorImpl.invoke(DelegatingMethodAccessorImpl.java:43)
	at java.base/java.lang.reflect.Method.invoke(Method.java:568)
	at org.apache.dubbo.config.spring.util.LazyTargetInvocationHandler.invoke(LazyTargetInvocationHandler.java:54)
	at com.cheeseocean.im.common.api.friend.FriendRelationServiceDubboProxy10.isBlocked(FriendRelationServiceDubboProxy10.java)
	at com.cheeseocean.im.postbox.service.MessageSenderImpl.checkSingleChatPermission(MessageSenderImpl.java:109)
	at com.cheeseocean.im.postbox.service.MessageSenderImpl.sendMessage(MessageSenderImpl.java:64)
	at com.cheeseocean.im.postbox.service.MessageSenderImplDubboWrap2.invokeMethod(MessageSenderImplDubboWrap2.java)
	at org.apache.dubbo.rpc.proxy.javassist.JavassistProxyFactory$1.doInvoke(JavassistProxyFactory.java:73)
	at org.apache.dubbo.rpc.proxy.AbstractProxyInvoker.invoke(AbstractProxyInvoker.java:100)
	at org.apache.dubbo.config.invoker.DelegateProviderMetaDataInvoker.invoke(DelegateProviderMetaDataInvoker.java:55)
	at org.apache.dubbo.rpc.filter.ClassLoaderCallbackFilter.invoke(ClassLoaderCallbackFilter.java:38)
	at org.apache.dubbo.rpc.cluster.filter.FilterChainBuilder$CopyOfFilterChainNode.invoke(FilterChainBuilder.java:334)
	at org.apache.dubbo.rpc.protocol.dubbo.filter.TraceFilter.invoke(TraceFilter.java:80)
	at org.apache.dubbo.rpc.cluster.filter.FilterChainBuilder$CopyOfFilterChainNode.invoke(FilterChainBuilder.java:334)
	at org.apache.dubbo.rpc.filter.TimeoutFilter.invoke(TimeoutFilter.java:45)
	at org.apache.dubbo.rpc.cluster.filter.FilterChainBuilder$CopyOfFilterChainNode.invoke(FilterChainBuilder.java:334)
	at org.apache.dubbo.monitor.support.MonitorFilter.invoke(MonitorFilter.java:108)
	at org.apache.dubbo.rpc.cluster.filter.FilterChainBuilder$CopyOfFilterChainNode.invoke(FilterChainBuilder.java:334)
	at org.apache.dubbo.rpc.filter.ExceptionFilter.invoke(ExceptionFilter.java:55)
	at org.apache.dubbo.rpc.cluster.filter.FilterChainBuilder$CopyOfFilterChainNode.invoke(FilterChainBuilder.java:334)
	at org.apache.dubbo.rpc.filter.AccessLogFilter.invoke(AccessLogFilter.java:119)
	at org.apache.dubbo.rpc.cluster.filter.FilterChainBuilder$CopyOfFilterChainNode.invoke(FilterChainBuilder.java:334)
	at org.apache.dubbo.metrics.observation.ObservationReceiverFilter.invoke(ObservationReceiverFilter.java:56)
	at org.apache.dubbo.rpc.cluster.filter.FilterChainBuilder$CopyOfFilterChainNode.invoke(FilterChainBuilder.java:334)
	at org.apache.dubbo.rpc.filter.GenericFilter.invoke(GenericFilter.java:208)
	at org.apache.dubbo.rpc.cluster.filter.FilterChainBuilder$CopyOfFilterChainNode.invoke(FilterChainBuilder.java:334)
	at org.apache.dubbo.rpc.filter.ClassLoaderFilter.invoke(ClassLoaderFilter.java:54)
	at org.apache.dubbo.rpc.cluster.filter.FilterChainBuilder$CopyOfFilterChainNode.invoke(FilterChainBuilder.java:334)
	at org.apache.dubbo.rpc.filter.EchoFilter.invoke(EchoFilter.java:41)
	at org.apache.dubbo.rpc.cluster.filter.FilterChainBuilder$CopyOfFilterChainNode.invoke(FilterChainBuilder.java:334)
	at org.apache.dubbo.metrics.filter.MetricsFilter.invoke(MetricsFilter.java:76)
	at org.apache.dubbo.metrics.filter.MetricsProviderFilter.invoke(MetricsProviderFilter.java:36)
	at org.apache.dubbo.rpc.cluster.filter.FilterChainBuilder$CopyOfFilterChainNode.invoke(FilterChainBuilder.java:334)
	at org.apache.dubbo.rpc.filter.ProfilerServerFilter.invoke(ProfilerServerFilter.java:64)
	at org.apache.dubbo.rpc.cluster.filter.FilterChainBuilder$CopyOfFilterChainNode.invoke(FilterChainBuilder.java:334)
	at org.apache.dubbo.rpc.filter.ContextFilter.invoke(ContextFilter.java:144)
	at org.apache.dubbo.rpc.cluster.filter.FilterChainBuilder$CopyOfFilterChainNode.invoke(FilterChainBuilder.java:334)
	at org.apache.dubbo.rpc.cluster.filter.FilterChainBuilder$CallbackRegistrationInvoker.invoke(FilterChainBuilder.java:196)
	at org.apache.dubbo.rpc.protocol.injvm.InjvmInvoker.doInvoke(InjvmInvoker.java:170)
	at org.apache.dubbo.rpc.protocol.AbstractInvoker.doInvokeAndReturn(AbstractInvoker.java:243)
	at org.apache.dubbo.rpc.protocol.AbstractInvoker.invoke(AbstractInvoker.java:187)
	at org.apache.dubbo.rpc.listener.ListenerInvokerWrapper.invoke(ListenerInvokerWrapper.java:71)
	at org.apache.dubbo.rpc.filter.RpcExceptionFilter.invoke(RpcExceptionFilter.java:41)
	at org.apache.dubbo.rpc.cluster.filter.FilterChainBuilder$CopyOfFilterChainNode.invoke(FilterChainBuilder.java:334)
	at org.apache.dubbo.rpc.cluster.filter.FilterChainBuilder$CallbackRegistrationInvoker.invoke(FilterChainBuilder.java:196)
	at org.apache.dubbo.rpc.protocol.ReferenceCountInvokerWrapper.invoke(ReferenceCountInvokerWrapper.java:95)
	at org.apache.dubbo.rpc.cluster.support.AbstractClusterInvoker.invokeWithContext(AbstractClusterInvoker.java:383)
	at org.apache.dubbo.rpc.cluster.support.FailoverClusterInvoker.doInvoke(FailoverClusterInvoker.java:80)
	at org.apache.dubbo.rpc.cluster.support.AbstractClusterInvoker.invoke(AbstractClusterInvoker.java:344)
	at org.apache.dubbo.rpc.cluster.router.RouterSnapshotFilter.invoke(RouterSnapshotFilter.java:46)
	at org.apache.dubbo.rpc.cluster.filter.FilterChainBuilder$CopyOfFilterChainNode.invoke(FilterChainBuilder.java:334)
	at org.apache.dubbo.monitor.support.MonitorFilter.invoke(MonitorFilter.java:108)
	at org.apache.dubbo.rpc.cluster.filter.FilterChainBuilder$CopyOfFilterChainNode.invoke(FilterChainBuilder.java:334)
	at org.apache.dubbo.rpc.cluster.filter.support.MetricsClusterFilter.invoke(MetricsClusterFilter.java:59)
	at org.apache.dubbo.rpc.cluster.filter.FilterChainBuilder$CopyOfFilterChainNode.invoke(FilterChainBuilder.java:334)
	at org.apache.dubbo.rpc.protocol.dubbo.filter.FutureFilter.invoke(FutureFilter.java:52)
	at org.apache.dubbo.rpc.cluster.filter.FilterChainBuilder$CopyOfFilterChainNode.invoke(FilterChainBuilder.java:334)
	at org.apache.dubbo.rpc.cluster.filter.support.ObservationSenderFilter.invoke(ObservationSenderFilter.java:61)
	at org.apache.dubbo.rpc.cluster.filter.FilterChainBuilder$CopyOfFilterChainNode.invoke(FilterChainBuilder.java:334)
	at org.apache.dubbo.spring.security.filter.ContextHolderParametersSelectedTransferFilter.invoke(ContextHolderParametersSelectedTransferFilter.java:41)
	at org.apache.dubbo.rpc.cluster.filter.FilterChainBuilder$CopyOfFilterChainNode.invoke(FilterChainBuilder.java:334)
	at org.apache.dubbo.metrics.filter.MetricsFilter.invoke(MetricsFilter.java:76)
	at org.apache.dubbo.rpc.cluster.filter.support.MetricsConsumerFilter.invoke(MetricsConsumerFilter.java:37)
	at org.apache.dubbo.rpc.cluster.filter.FilterChainBuilder$CopyOfFilterChainNode.invoke(FilterChainBuilder.java:334)
	at org.apache.dubbo.rpc.cluster.filter.support.ConsumerClassLoaderFilter.invoke(ConsumerClassLoaderFilter.java:40)
	at org.apache.dubbo.rpc.cluster.filter.FilterChainBuilder$CopyOfFilterChainNode.invoke(FilterChainBuilder.java:334)
	at org.apache.dubbo.rpc.cluster.filter.support.ConsumerContextFilter.invoke(ConsumerContextFilter.java:116)
	at org.apache.dubbo.rpc.cluster.filter.FilterChainBuilder$CopyOfFilterChainNode.invoke(FilterChainBuilder.java:334)
	at org.apache.dubbo.rpc.cluster.filter.FilterChainBuilder$CallbackRegistrationInvoker.invoke(FilterChainBuilder.java:196)
	at org.apache.dubbo.rpc.cluster.support.wrapper.AbstractCluster$ClusterFilterInvoker.invoke(AbstractCluster.java:91)
	at org.apache.dubbo.rpc.cluster.support.wrapper.MockClusterInvoker.invoke(MockClusterInvoker.java:103)
	at org.apache.dubbo.rpc.cluster.support.wrapper.ScopeClusterInvoker.invoke(ScopeClusterInvoker.java:163)
	... 39 common frames omitted
2026-04-08 18:42:17.313 [nioEventLoopGroup-8-4] WARN  cheese-im-postoffice - Message handling failed: commandType=CHAT_SEND, error=消息处理失败, from=/127.0.0.1:62559
2026-04-08 18:42:35.811 [nioEventLoopGroup-8-4] ERROR cheese-im-postoffice - Failed to handle chat message: userID=xuecheng, connectionID=b46bf48c93494e1480d3f1e923d656c6
org.apache.dubbo.rpc.RpcException: java.util.concurrent.ExecutionException: org.apache.dubbo.rpc.RpcException: Failed to invoke the method isBlocked in the service com.cheeseocean.im.common.api.friend.FriendRelationService. No provider available for the service com.cheeseocean.im.common.api.friend.FriendRelationService from registry Directory(invokers: 1[127.0.0.1], validInvokers: 0[], invokersToReconnect: 1[127.0.0.1]) on the consumer 192.168.31.22 using the dubbo version 3.2.8. Please check if the providers have been started and registered.
	at org.apache.dubbo.rpc.AsyncRpcResult.getAppResponse(AsyncRpcResult.java:166)
	at org.apache.dubbo.rpc.AsyncRpcResult.recreate(AsyncRpcResult.java:230)
	at org.apache.dubbo.rpc.proxy.InvocationUtil.invoke(InvocationUtil.java:61)
	at org.apache.dubbo.rpc.proxy.InvokerInvocationHandler.invoke(InvokerInvocationHandler.java:75)
	at com.cheeseocean.im.common.api.rpc.MessageSenderDubboProxy7.sendMessage(MessageSenderDubboProxy7.java)
	at java.base/jdk.internal.reflect.NativeMethodAccessorImpl.invoke0(Native Method)
	at java.base/jdk.internal.reflect.NativeMethodAccessorImpl.invoke(NativeMethodAccessorImpl.java:77)
	at java.base/jdk.internal.reflect.DelegatingMethodAccessorImpl.invoke(DelegatingMethodAccessorImpl.java:43)
	at java.base/java.lang.reflect.Method.invoke(Method.java:568)
	at org.apache.dubbo.config.spring.util.LazyTargetInvocationHandler.invoke(LazyTargetInvocationHandler.java:54)
	at com.cheeseocean.im.common.api.rpc.MessageSenderDubboProxy7.sendMessage(MessageSenderDubboProxy7.java)
	at com.cheeseocean.im.postoffice.handler.ChatMessageHandler.handle(ChatMessageHandler.java:77)
	at com.cheeseocean.im.postoffice.server.TcpServerHandler.handleMessage(TcpServerHandler.java:173)
	at com.cheeseocean.im.postoffice.server.TcpServerHandler.channelRead0(TcpServerHandler.java:123)
	at com.cheeseocean.im.postoffice.server.TcpServerHandler.channelRead0(TcpServerHandler.java:29)
	at io.netty.channel.SimpleChannelInboundHandler.channelRead(SimpleChannelInboundHandler.java:99)
	at io.netty.channel.AbstractChannelHandlerContext.invokeChannelRead(AbstractChannelHandlerContext.java:444)
	at io.netty.channel.AbstractChannelHandlerContext.invokeChannelRead(AbstractChannelHandlerContext.java:420)
	at io.netty.channel.AbstractChannelHandlerContext.fireChannelRead(AbstractChannelHandlerContext.java:412)
	at io.netty.handler.codec.ByteToMessageDecoder.fireChannelRead(ByteToMessageDecoder.java:346)
	at io.netty.handler.codec.ByteToMessageDecoder.channelRead(ByteToMessageDecoder.java:318)
	at io.netty.channel.AbstractChannelHandlerContext.invokeChannelRead(AbstractChannelHandlerContext.java:444)
	at io.netty.channel.AbstractChannelHandlerContext.invokeChannelRead(AbstractChannelHandlerContext.java:420)
	at io.netty.channel.AbstractChannelHandlerContext.fireChannelRead(AbstractChannelHandlerContext.java:412)
	at io.netty.handler.timeout.IdleStateHandler.channelRead(IdleStateHandler.java:289)
	at io.netty.channel.AbstractChannelHandlerContext.invokeChannelRead(AbstractChannelHandlerContext.java:442)
	at io.netty.channel.AbstractChannelHandlerContext.invokeChannelRead(AbstractChannelHandlerContext.java:420)
	at io.netty.channel.AbstractChannelHandlerContext.fireChannelRead(AbstractChannelHandlerContext.java:412)
	at io.netty.channel.DefaultChannelPipeline$HeadContext.channelRead(DefaultChannelPipeline.java:1410)
	at io.netty.channel.AbstractChannelHandlerContext.invokeChannelRead(AbstractChannelHandlerContext.java:440)
	at io.netty.channel.AbstractChannelHandlerContext.invokeChannelRead(AbstractChannelHandlerContext.java:420)
	at io.netty.channel.DefaultChannelPipeline.fireChannelRead(DefaultChannelPipeline.java:919)
	at io.netty.channel.nio.AbstractNioByteChannel$NioByteUnsafe.read(AbstractNioByteChannel.java:166)
	at io.netty.channel.nio.NioEventLoop.processSelectedKey(NioEventLoop.java:788)
	at io.netty.channel.nio.NioEventLoop.processSelectedKeysOptimized(NioEventLoop.java:724)
	at io.netty.channel.nio.NioEventLoop.processSelectedKeys(NioEventLoop.java:650)
	at io.netty.channel.nio.NioEventLoop.run(NioEventLoop.java:562)
	at io.netty.util.concurrent.SingleThreadEventExecutor$4.run(SingleThreadEventExecutor.java:997)
	at io.netty.util.internal.ThreadExecutorMap$2.run(ThreadExecutorMap.java:74)
	at io.netty.util.concurrent.FastThreadLocalRunnable.run(FastThreadLocalRunnable.java:30)
	at java.base/java.lang.Thread.run(Thread.java:840)
Caused by: java.util.concurrent.ExecutionException: org.apache.dubbo.rpc.RpcException: Failed to invoke the method isBlocked in the service com.cheeseocean.im.common.api.friend.FriendRelationService. No provider available for the service com.cheeseocean.im.common.api.friend.FriendRelationService from registry Directory(invokers: 1[127.0.0.1], validInvokers: 0[], invokersToReconnect: 1[127.0.0.1]) on the consumer 192.168.31.22 using the dubbo version 3.2.8. Please check if the providers have been started and registered.
	at java.base/java.util.concurrent.CompletableFuture.reportGet(CompletableFuture.java:396)
	at java.base/java.util.concurrent.CompletableFuture.get(CompletableFuture.java:2073)
	at org.apache.dubbo.rpc.AsyncRpcResult.getAppResponse(AsyncRpcResult.java:161)
	... 40 common frames omitted
Caused by: org.apache.dubbo.rpc.RpcException: Failed to invoke the method isBlocked in the service com.cheeseocean.im.common.api.friend.FriendRelationService. No provider available for the service com.cheeseocean.im.common.api.friend.FriendRelationService from registry Directory(invokers: 1[127.0.0.1], validInvokers: 0[], invokersToReconnect: 1[127.0.0.1]) on the consumer 192.168.31.22 using the dubbo version 3.2.8. Please check if the providers have been started and registered.
	at org.apache.dubbo.rpc.cluster.support.AbstractClusterInvoker.checkInvokers(AbstractClusterInvoker.java:370)
	at org.apache.dubbo.rpc.cluster.support.AbstractClusterInvoker.invoke(AbstractClusterInvoker.java:337)
	at org.apache.dubbo.rpc.cluster.router.RouterSnapshotFilter.invoke(RouterSnapshotFilter.java:46)
	at org.apache.dubbo.rpc.cluster.filter.FilterChainBuilder$CopyOfFilterChainNode.invoke(FilterChainBuilder.java:334)
	at org.apache.dubbo.monitor.support.MonitorFilter.invoke(MonitorFilter.java:108)
	at org.apache.dubbo.rpc.cluster.filter.FilterChainBuilder$CopyOfFilterChainNode.invoke(FilterChainBuilder.java:334)
	at org.apache.dubbo.rpc.cluster.filter.support.MetricsClusterFilter.invoke(MetricsClusterFilter.java:59)
	at org.apache.dubbo.rpc.cluster.filter.FilterChainBuilder$CopyOfFilterChainNode.invoke(FilterChainBuilder.java:334)
	at org.apache.dubbo.rpc.protocol.dubbo.filter.FutureFilter.invoke(FutureFilter.java:52)
	at org.apache.dubbo.rpc.cluster.filter.FilterChainBuilder$CopyOfFilterChainNode.invoke(FilterChainBuilder.java:334)
	at org.apache.dubbo.rpc.cluster.filter.support.ObservationSenderFilter.invoke(ObservationSenderFilter.java:61)
	at org.apache.dubbo.rpc.cluster.filter.FilterChainBuilder$CopyOfFilterChainNode.invoke(FilterChainBuilder.java:334)
	at org.apache.dubbo.spring.security.filter.ContextHolderParametersSelectedTransferFilter.invoke(ContextHolderParametersSelectedTransferFilter.java:41)
	at org.apache.dubbo.rpc.cluster.filter.FilterChainBuilder$CopyOfFilterChainNode.invoke(FilterChainBuilder.java:334)
	at org.apache.dubbo.metrics.filter.MetricsFilter.invoke(MetricsFilter.java:76)
	at org.apache.dubbo.rpc.cluster.filter.support.MetricsConsumerFilter.invoke(MetricsConsumerFilter.java:37)
	at org.apache.dubbo.rpc.cluster.filter.FilterChainBuilder$CopyOfFilterChainNode.invoke(FilterChainBuilder.java:334)
	at org.apache.dubbo.rpc.cluster.filter.support.ConsumerClassLoaderFilter.invoke(ConsumerClassLoaderFilter.java:40)
	at org.apache.dubbo.rpc.cluster.filter.FilterChainBuilder$CopyOfFilterChainNode.invoke(FilterChainBuilder.java:334)
	at org.apache.dubbo.rpc.cluster.filter.support.ConsumerContextFilter.invoke(ConsumerContextFilter.java:116)
	at org.apache.dubbo.rpc.cluster.filter.FilterChainBuilder$CopyOfFilterChainNode.invoke(FilterChainBuilder.java:334)
	at org.apache.dubbo.rpc.cluster.filter.FilterChainBuilder$CallbackRegistrationInvoker.invoke(FilterChainBuilder.java:196)
	at org.apache.dubbo.rpc.cluster.support.wrapper.AbstractCluster$ClusterFilterInvoker.invoke(AbstractCluster.java:91)
	at org.apache.dubbo.rpc.cluster.support.wrapper.MockClusterInvoker.invoke(MockClusterInvoker.java:103)
	at org.apache.dubbo.rpc.cluster.support.wrapper.ScopeClusterInvoker.invoke(ScopeClusterInvoker.java:163)
	at org.apache.dubbo.rpc.proxy.InvocationUtil.invoke(InvocationUtil.java:61)
	at org.apache.dubbo.rpc.proxy.InvokerInvocationHandler.invoke(InvokerInvocationHandler.java:75)
	at com.cheeseocean.im.common.api.friend.FriendRelationServiceDubboProxy10.isBlocked(FriendRelationServiceDubboProxy10.java)
	at java.base/jdk.internal.reflect.NativeMethodAccessorImpl.invoke0(Native Method)
	at java.base/jdk.internal.reflect.NativeMethodAccessorImpl.invoke(NativeMethodAccessorImpl.java:77)
	at java.base/jdk.internal.reflect.DelegatingMethodAccessorImpl.invoke(DelegatingMethodAccessorImpl.java:43)
	at java.base/java.lang.reflect.Method.invoke(Method.java:568)
	at org.apache.dubbo.config.spring.util.LazyTargetInvocationHandler.invoke(LazyTargetInvocationHandler.java:54)
	at com.cheeseocean.im.common.api.friend.FriendRelationServiceDubboProxy10.isBlocked(FriendRelationServiceDubboProxy10.java)
	at com.cheeseocean.im.postbox.service.MessageSenderImpl.checkSingleChatPermission(MessageSenderImpl.java:109)
	at com.cheeseocean.im.postbox.service.MessageSenderImpl.sendMessage(MessageSenderImpl.java:64)
	at com.cheeseocean.im.postbox.service.MessageSenderImplDubboWrap2.invokeMethod(MessageSenderImplDubboWrap2.java)
	at org.apache.dubbo.rpc.proxy.javassist.JavassistProxyFactory$1.doInvoke(JavassistProxyFactory.java:73)
	at org.apache.dubbo.rpc.proxy.AbstractProxyInvoker.invoke(AbstractProxyInvoker.java:100)
	at org.apache.dubbo.config.invoker.DelegateProviderMetaDataInvoker.invoke(DelegateProviderMetaDataInvoker.java:55)
	at org.apache.dubbo.rpc.filter.ClassLoaderCallbackFilter.invoke(ClassLoaderCallbackFilter.java:38)
	at org.apache.dubbo.rpc.cluster.filter.FilterChainBuilder$CopyOfFilterChainNode.invoke(FilterChainBuilder.java:334)
	at org.apache.dubbo.rpc.protocol.dubbo.filter.TraceFilter.invoke(TraceFilter.java:80)
	at org.apache.dubbo.rpc.cluster.filter.FilterChainBuilder$CopyOfFilterChainNode.invoke(FilterChainBuilder.java:334)
	at org.apache.dubbo.rpc.filter.TimeoutFilter.invoke(TimeoutFilter.java:45)
	at org.apache.dubbo.rpc.cluster.filter.FilterChainBuilder$CopyOfFilterChainNode.invoke(FilterChainBuilder.java:334)
	at org.apache.dubbo.monitor.support.MonitorFilter.invoke(MonitorFilter.java:108)
	at org.apache.dubbo.rpc.cluster.filter.FilterChainBuilder$CopyOfFilterChainNode.invoke(FilterChainBuilder.java:334)
	at org.apache.dubbo.rpc.filter.ExceptionFilter.invoke(ExceptionFilter.java:55)
	at org.apache.dubbo.rpc.cluster.filter.FilterChainBuilder$CopyOfFilterChainNode.invoke(FilterChainBuilder.java:334)
	at org.apache.dubbo.rpc.filter.AccessLogFilter.invoke(AccessLogFilter.java:119)
	at org.apache.dubbo.rpc.cluster.filter.FilterChainBuilder$CopyOfFilterChainNode.invoke(FilterChainBuilder.java:334)
	at org.apache.dubbo.metrics.observation.ObservationReceiverFilter.invoke(ObservationReceiverFilter.java:56)
	at org.apache.dubbo.rpc.cluster.filter.FilterChainBuilder$CopyOfFilterChainNode.invoke(FilterChainBuilder.java:334)
	at org.apache.dubbo.rpc.filter.GenericFilter.invoke(GenericFilter.java:208)
	at org.apache.dubbo.rpc.cluster.filter.FilterChainBuilder$CopyOfFilterChainNode.invoke(FilterChainBuilder.java:334)
	at org.apache.dubbo.rpc.filter.ClassLoaderFilter.invoke(ClassLoaderFilter.java:54)
	at org.apache.dubbo.rpc.cluster.filter.FilterChainBuilder$CopyOfFilterChainNode.invoke(FilterChainBuilder.java:334)
	at org.apache.dubbo.rpc.filter.EchoFilter.invoke(EchoFilter.java:41)
	at org.apache.dubbo.rpc.cluster.filter.FilterChainBuilder$CopyOfFilterChainNode.invoke(FilterChainBuilder.java:334)
	at org.apache.dubbo.metrics.filter.MetricsFilter.invoke(MetricsFilter.java:76)
	at org.apache.dubbo.metrics.filter.MetricsProviderFilter.invoke(MetricsProviderFilter.java:36)
	at org.apache.dubbo.rpc.cluster.filter.FilterChainBuilder$CopyOfFilterChainNode.invoke(FilterChainBuilder.java:334)
	at org.apache.dubbo.rpc.filter.ProfilerServerFilter.invoke(ProfilerServerFilter.java:64)
	at org.apache.dubbo.rpc.cluster.filter.FilterChainBuilder$CopyOfFilterChainNode.invoke(FilterChainBuilder.java:334)
	at org.apache.dubbo.rpc.filter.ContextFilter.invoke(ContextFilter.java:144)
	at org.apache.dubbo.rpc.cluster.filter.FilterChainBuilder$CopyOfFilterChainNode.invoke(FilterChainBuilder.java:334)
	at org.apache.dubbo.rpc.cluster.filter.FilterChainBuilder$CallbackRegistrationInvoker.invoke(FilterChainBuilder.java:196)
	at org.apache.dubbo.rpc.protocol.injvm.InjvmInvoker.doInvoke(InjvmInvoker.java:170)
	at org.apache.dubbo.rpc.protocol.AbstractInvoker.doInvokeAndReturn(AbstractInvoker.java:243)
	at org.apache.dubbo.rpc.protocol.AbstractInvoker.invoke(AbstractInvoker.java:187)
	at org.apache.dubbo.rpc.listener.ListenerInvokerWrapper.invoke(ListenerInvokerWrapper.java:71)
	at org.apache.dubbo.rpc.filter.RpcExceptionFilter.invoke(RpcExceptionFilter.java:41)
	at org.apache.dubbo.rpc.cluster.filter.FilterChainBuilder$CopyOfFilterChainNode.invoke(FilterChainBuilder.java:334)
	at org.apache.dubbo.rpc.cluster.filter.FilterChainBuilder$CallbackRegistrationInvoker.invoke(FilterChainBuilder.java:196)
	at org.apache.dubbo.rpc.protocol.ReferenceCountInvokerWrapper.invoke(ReferenceCountInvokerWrapper.java:95)
	at org.apache.dubbo.rpc.cluster.support.AbstractClusterInvoker.invokeWithContext(AbstractClusterInvoker.java:383)
	at org.apache.dubbo.rpc.cluster.support.FailoverClusterInvoker.doInvoke(FailoverClusterInvoker.java:80)
	at org.apache.dubbo.rpc.cluster.support.AbstractClusterInvoker.invoke(AbstractClusterInvoker.java:344)
	at org.apache.dubbo.rpc.cluster.router.RouterSnapshotFilter.invoke(RouterSnapshotFilter.java:46)
	at org.apache.dubbo.rpc.cluster.filter.FilterChainBuilder$CopyOfFilterChainNode.invoke(FilterChainBuilder.java:334)
	at org.apache.dubbo.monitor.support.MonitorFilter.invoke(MonitorFilter.java:108)
	at org.apache.dubbo.rpc.cluster.filter.FilterChainBuilder$CopyOfFilterChainNode.invoke(FilterChainBuilder.java:334)
	at org.apache.dubbo.rpc.cluster.filter.support.MetricsClusterFilter.invoke(MetricsClusterFilter.java:59)
	at org.apache.dubbo.rpc.cluster.filter.FilterChainBuilder$CopyOfFilterChainNode.invoke(FilterChainBuilder.java:334)
	at org.apache.dubbo.rpc.protocol.dubbo.filter.FutureFilter.invoke(FutureFilter.java:52)
	at org.apache.dubbo.rpc.cluster.filter.FilterChainBuilder$CopyOfFilterChainNode.invoke(FilterChainBuilder.java:334)
	at org.apache.dubbo.rpc.cluster.filter.support.ObservationSenderFilter.invoke(ObservationSenderFilter.java:61)
	at org.apache.dubbo.rpc.cluster.filter.FilterChainBuilder$CopyOfFilterChainNode.invoke(FilterChainBuilder.java:334)
	at org.apache.dubbo.spring.security.filter.ContextHolderParametersSelectedTransferFilter.invoke(ContextHolderParametersSelectedTransferFilter.java:41)
	at org.apache.dubbo.rpc.cluster.filter.FilterChainBuilder$CopyOfFilterChainNode.invoke(FilterChainBuilder.java:334)
	at org.apache.dubbo.metrics.filter.MetricsFilter.invoke(MetricsFilter.java:76)
	at org.apache.dubbo.rpc.cluster.filter.support.MetricsConsumerFilter.invoke(MetricsConsumerFilter.java:37)
	at org.apache.dubbo.rpc.cluster.filter.FilterChainBuilder$CopyOfFilterChainNode.invoke(FilterChainBuilder.java:334)
	at org.apache.dubbo.rpc.cluster.filter.support.ConsumerClassLoaderFilter.invoke(ConsumerClassLoaderFilter.java:40)
	at org.apache.dubbo.rpc.cluster.filter.FilterChainBuilder$CopyOfFilterChainNode.invoke(FilterChainBuilder.java:334)
	at org.apache.dubbo.rpc.cluster.filter.support.ConsumerContextFilter.invoke(ConsumerContextFilter.java:116)
	at org.apache.dubbo.rpc.cluster.filter.FilterChainBuilder$CopyOfFilterChainNode.invoke(FilterChainBuilder.java:334)
	at org.apache.dubbo.rpc.cluster.filter.FilterChainBuilder$CallbackRegistrationInvoker.invoke(FilterChainBuilder.java:196)
	at org.apache.dubbo.rpc.cluster.support.wrapper.AbstractCluster$ClusterFilterInvoker.invoke(AbstractCluster.java:91)
	at org.apache.dubbo.rpc.cluster.support.wrapper.MockClusterInvoker.invoke(MockClusterInvoker.java:103)
	at org.apache.dubbo.rpc.cluster.support.wrapper.ScopeClusterInvoker.invoke(ScopeClusterInvoker.java:163)
	... 39 common frames omitted
2026-04-08 18:42:35.812 [nioEventLoopGroup-8-4] WARN  cheese-im-postoffice - Message handling failed: commandType=CHAT_SEND, error=消息处理失败, from=/127.0.0.1:62559
2026-04-08 18:48:17.661 [nioEventLoopGroup-8-3] ERROR cheese-im-postoffice - Failed to handle chat message: userID=xxxcrel, connectionID=ee432e1056c3439687c4c541d111a568
org.apache.dubbo.rpc.RpcException: java.util.concurrent.ExecutionException: org.apache.dubbo.rpc.RpcException: Failed to invoke the method isBlocked in the service com.cheeseocean.im.common.api.friend.FriendRelationService. No provider available for the service com.cheeseocean.im.common.api.friend.FriendRelationService from registry Directory(invokers: 1[127.0.0.1], validInvokers: 0[], invokersToReconnect: 1[127.0.0.1]) on the consumer 192.168.31.22 using the dubbo version 3.2.8. Please check if the providers have been started and registered.
	at org.apache.dubbo.rpc.AsyncRpcResult.getAppResponse(AsyncRpcResult.java:166)
	at org.apache.dubbo.rpc.AsyncRpcResult.recreate(AsyncRpcResult.java:230)
	at org.apache.dubbo.rpc.proxy.InvocationUtil.invoke(InvocationUtil.java:61)
	at org.apache.dubbo.rpc.proxy.InvokerInvocationHandler.invoke(InvokerInvocationHandler.java:75)
	at com.cheeseocean.im.common.api.rpc.MessageSenderDubboProxy7.sendMessage(MessageSenderDubboProxy7.java)
	at java.base/jdk.internal.reflect.NativeMethodAccessorImpl.invoke0(Native Method)
	at java.base/jdk.internal.reflect.NativeMethodAccessorImpl.invoke(NativeMethodAccessorImpl.java:77)
	at java.base/jdk.internal.reflect.DelegatingMethodAccessorImpl.invoke(DelegatingMethodAccessorImpl.java:43)
	at java.base/java.lang.reflect.Method.invoke(Method.java:568)
	at org.apache.dubbo.config.spring.util.LazyTargetInvocationHandler.invoke(LazyTargetInvocationHandler.java:54)
	at com.cheeseocean.im.common.api.rpc.MessageSenderDubboProxy7.sendMessage(MessageSenderDubboProxy7.java)
	at com.cheeseocean.im.postoffice.handler.ChatMessageHandler.handle(ChatMessageHandler.java:77)
	at com.cheeseocean.im.postoffice.server.TcpServerHandler.handleMessage(TcpServerHandler.java:173)
	at com.cheeseocean.im.postoffice.server.TcpServerHandler.channelRead0(TcpServerHandler.java:123)
	at com.cheeseocean.im.postoffice.server.TcpServerHandler.channelRead0(TcpServerHandler.java:29)
	at io.netty.channel.SimpleChannelInboundHandler.channelRead(SimpleChannelInboundHandler.java:99)
	at io.netty.channel.AbstractChannelHandlerContext.invokeChannelRead(AbstractChannelHandlerContext.java:444)
	at io.netty.channel.AbstractChannelHandlerContext.invokeChannelRead(AbstractChannelHandlerContext.java:420)
	at io.netty.channel.AbstractChannelHandlerContext.fireChannelRead(AbstractChannelHandlerContext.java:412)
	at io.netty.handler.codec.ByteToMessageDecoder.fireChannelRead(ByteToMessageDecoder.java:346)
	at io.netty.handler.codec.ByteToMessageDecoder.channelRead(ByteToMessageDecoder.java:318)
	at io.netty.channel.AbstractChannelHandlerContext.invokeChannelRead(AbstractChannelHandlerContext.java:444)
	at io.netty.channel.AbstractChannelHandlerContext.invokeChannelRead(AbstractChannelHandlerContext.java:420)
	at io.netty.channel.AbstractChannelHandlerContext.fireChannelRead(AbstractChannelHandlerContext.java:412)
	at io.netty.handler.timeout.IdleStateHandler.channelRead(IdleStateHandler.java:289)
	at io.netty.channel.AbstractChannelHandlerContext.invokeChannelRead(AbstractChannelHandlerContext.java:442)
	at io.netty.channel.AbstractChannelHandlerContext.invokeChannelRead(AbstractChannelHandlerContext.java:420)
	at io.netty.channel.AbstractChannelHandlerContext.fireChannelRead(AbstractChannelHandlerContext.java:412)
	at io.netty.channel.DefaultChannelPipeline$HeadContext.channelRead(DefaultChannelPipeline.java:1410)
	at io.netty.channel.AbstractChannelHandlerContext.invokeChannelRead(AbstractChannelHandlerContext.java:440)
	at io.netty.channel.AbstractChannelHandlerContext.invokeChannelRead(AbstractChannelHandlerContext.java:420)
	at io.netty.channel.DefaultChannelPipeline.fireChannelRead(DefaultChannelPipeline.java:919)
	at io.netty.channel.nio.AbstractNioByteChannel$NioByteUnsafe.read(AbstractNioByteChannel.java:166)
	at io.netty.channel.nio.NioEventLoop.processSelectedKey(NioEventLoop.java:788)
	at io.netty.channel.nio.NioEventLoop.processSelectedKeysOptimized(NioEventLoop.java:724)
	at io.netty.channel.nio.NioEventLoop.processSelectedKeys(NioEventLoop.java:650)
	at io.netty.channel.nio.NioEventLoop.run(NioEventLoop.java:562)
	at io.netty.util.concurrent.SingleThreadEventExecutor$4.run(SingleThreadEventExecutor.java:997)
	at io.netty.util.internal.ThreadExecutorMap$2.run(ThreadExecutorMap.java:74)
	at io.netty.util.concurrent.FastThreadLocalRunnable.run(FastThreadLocalRunnable.java:30)
	at java.base/java.lang.Thread.run(Thread.java:840)
Caused by: java.util.concurrent.ExecutionException: org.apache.dubbo.rpc.RpcException: Failed to invoke the method isBlocked in the service com.cheeseocean.im.common.api.friend.FriendRelationService. No provider available for the service com.cheeseocean.im.common.api.friend.FriendRelationService from registry Directory(invokers: 1[127.0.0.1], validInvokers: 0[], invokersToReconnect: 1[127.0.0.1]) on the consumer 192.168.31.22 using the dubbo version 3.2.8. Please check if the providers have been started and registered.
	at java.base/java.util.concurrent.CompletableFuture.reportGet(CompletableFuture.java:396)
	at java.base/java.util.concurrent.CompletableFuture.get(CompletableFuture.java:2073)
	at org.apache.dubbo.rpc.AsyncRpcResult.getAppResponse(AsyncRpcResult.java:161)
	... 40 common frames omitted
Caused by: org.apache.dubbo.rpc.RpcException: Failed to invoke the method isBlocked in the service com.cheeseocean.im.common.api.friend.FriendRelationService. No provider available for the service com.cheeseocean.im.common.api.friend.FriendRelationService from registry Directory(invokers: 1[127.0.0.1], validInvokers: 0[], invokersToReconnect: 1[127.0.0.1]) on the consumer 192.168.31.22 using the dubbo version 3.2.8. Please check if the providers have been started and registered.
	at org.apache.dubbo.rpc.cluster.support.AbstractClusterInvoker.checkInvokers(AbstractClusterInvoker.java:370)
	at org.apache.dubbo.rpc.cluster.support.AbstractClusterInvoker.invoke(AbstractClusterInvoker.java:337)
	at org.apache.dubbo.rpc.cluster.router.RouterSnapshotFilter.invoke(RouterSnapshotFilter.java:46)
	at org.apache.dubbo.rpc.cluster.filter.FilterChainBuilder$CopyOfFilterChainNode.invoke(FilterChainBuilder.java:334)
	at org.apache.dubbo.monitor.support.MonitorFilter.invoke(MonitorFilter.java:108)
	at org.apache.dubbo.rpc.cluster.filter.FilterChainBuilder$CopyOfFilterChainNode.invoke(FilterChainBuilder.java:334)
	at org.apache.dubbo.rpc.cluster.filter.support.MetricsClusterFilter.invoke(MetricsClusterFilter.java:59)
	at org.apache.dubbo.rpc.cluster.filter.FilterChainBuilder$CopyOfFilterChainNode.invoke(FilterChainBuilder.java:334)
	at org.apache.dubbo.rpc.protocol.dubbo.filter.FutureFilter.invoke(FutureFilter.java:52)
	at org.apache.dubbo.rpc.cluster.filter.FilterChainBuilder$CopyOfFilterChainNode.invoke(FilterChainBuilder.java:334)
	at org.apache.dubbo.rpc.cluster.filter.support.ObservationSenderFilter.invoke(ObservationSenderFilter.java:61)
	at org.apache.dubbo.rpc.cluster.filter.FilterChainBuilder$CopyOfFilterChainNode.invoke(FilterChainBuilder.java:334)
	at org.apache.dubbo.spring.security.filter.ContextHolderParametersSelectedTransferFilter.invoke(ContextHolderParametersSelectedTransferFilter.java:41)
	at org.apache.dubbo.rpc.cluster.filter.FilterChainBuilder$CopyOfFilterChainNode.invoke(FilterChainBuilder.java:334)
	at org.apache.dubbo.metrics.filter.MetricsFilter.invoke(MetricsFilter.java:76)
	at org.apache.dubbo.rpc.cluster.filter.support.MetricsConsumerFilter.invoke(MetricsConsumerFilter.java:37)
	at org.apache.dubbo.rpc.cluster.filter.FilterChainBuilder$CopyOfFilterChainNode.invoke(FilterChainBuilder.java:334)
	at org.apache.dubbo.rpc.cluster.filter.support.ConsumerClassLoaderFilter.invoke(ConsumerClassLoaderFilter.java:40)
	at org.apache.dubbo.rpc.cluster.filter.FilterChainBuilder$CopyOfFilterChainNode.invoke(FilterChainBuilder.java:334)
	at org.apache.dubbo.rpc.cluster.filter.support.ConsumerContextFilter.invoke(ConsumerContextFilter.java:116)
	at org.apache.dubbo.rpc.cluster.filter.FilterChainBuilder$CopyOfFilterChainNode.invoke(FilterChainBuilder.java:334)
	at org.apache.dubbo.rpc.cluster.filter.FilterChainBuilder$CallbackRegistrationInvoker.invoke(FilterChainBuilder.java:196)
	at org.apache.dubbo.rpc.cluster.support.wrapper.AbstractCluster$ClusterFilterInvoker.invoke(AbstractCluster.java:91)
	at org.apache.dubbo.rpc.cluster.support.wrapper.MockClusterInvoker.invoke(MockClusterInvoker.java:103)
	at org.apache.dubbo.rpc.cluster.support.wrapper.ScopeClusterInvoker.invoke(ScopeClusterInvoker.java:163)
	at org.apache.dubbo.rpc.proxy.InvocationUtil.invoke(InvocationUtil.java:61)
	at org.apache.dubbo.rpc.proxy.InvokerInvocationHandler.invoke(InvokerInvocationHandler.java:75)
	at com.cheeseocean.im.common.api.friend.FriendRelationServiceDubboProxy10.isBlocked(FriendRelationServiceDubboProxy10.java)
	at java.base/jdk.internal.reflect.NativeMethodAccessorImpl.invoke0(Native Method)
	at java.base/jdk.internal.reflect.NativeMethodAccessorImpl.invoke(NativeMethodAccessorImpl.java:77)
	at java.base/jdk.internal.reflect.DelegatingMethodAccessorImpl.invoke(DelegatingMethodAccessorImpl.java:43)
	at java.base/java.lang.reflect.Method.invoke(Method.java:568)
	at org.apache.dubbo.config.spring.util.LazyTargetInvocationHandler.invoke(LazyTargetInvocationHandler.java:54)
	at com.cheeseocean.im.common.api.friend.FriendRelationServiceDubboProxy10.isBlocked(FriendRelationServiceDubboProxy10.java)
	at com.cheeseocean.im.postbox.service.MessageSenderImpl.checkSingleChatPermission(MessageSenderImpl.java:109)
	at com.cheeseocean.im.postbox.service.MessageSenderImpl.sendMessage(MessageSenderImpl.java:64)
	at com.cheeseocean.im.postbox.service.MessageSenderImplDubboWrap2.invokeMethod(MessageSenderImplDubboWrap2.java)
	at org.apache.dubbo.rpc.proxy.javassist.JavassistProxyFactory$1.doInvoke(JavassistProxyFactory.java:73)
	at org.apache.dubbo.rpc.proxy.AbstractProxyInvoker.invoke(AbstractProxyInvoker.java:100)
	at org.apache.dubbo.config.invoker.DelegateProviderMetaDataInvoker.invoke(DelegateProviderMetaDataInvoker.java:55)
	at org.apache.dubbo.rpc.filter.ClassLoaderCallbackFilter.invoke(ClassLoaderCallbackFilter.java:38)
	at org.apache.dubbo.rpc.cluster.filter.FilterChainBuilder$CopyOfFilterChainNode.invoke(FilterChainBuilder.java:334)
	at org.apache.dubbo.rpc.protocol.dubbo.filter.TraceFilter.invoke(TraceFilter.java:80)
	at org.apache.dubbo.rpc.cluster.filter.FilterChainBuilder$CopyOfFilterChainNode.invoke(FilterChainBuilder.java:334)
	at org.apache.dubbo.rpc.filter.TimeoutFilter.invoke(TimeoutFilter.java:45)
	at org.apache.dubbo.rpc.cluster.filter.FilterChainBuilder$CopyOfFilterChainNode.invoke(FilterChainBuilder.java:334)
	at org.apache.dubbo.monitor.support.MonitorFilter.invoke(MonitorFilter.java:108)
	at org.apache.dubbo.rpc.cluster.filter.FilterChainBuilder$CopyOfFilterChainNode.invoke(FilterChainBuilder.java:334)
	at org.apache.dubbo.rpc.filter.ExceptionFilter.invoke(ExceptionFilter.java:55)
	at org.apache.dubbo.rpc.cluster.filter.FilterChainBuilder$CopyOfFilterChainNode.invoke(FilterChainBuilder.java:334)
	at org.apache.dubbo.rpc.filter.AccessLogFilter.invoke(AccessLogFilter.java:119)
	at org.apache.dubbo.rpc.cluster.filter.FilterChainBuilder$CopyOfFilterChainNode.invoke(FilterChainBuilder.java:334)
	at org.apache.dubbo.metrics.observation.ObservationReceiverFilter.invoke(ObservationReceiverFilter.java:56)
	at org.apache.dubbo.rpc.cluster.filter.FilterChainBuilder$CopyOfFilterChainNode.invoke(FilterChainBuilder.java:334)
	at org.apache.dubbo.rpc.filter.GenericFilter.invoke(GenericFilter.java:208)
	at org.apache.dubbo.rpc.cluster.filter.FilterChainBuilder$CopyOfFilterChainNode.invoke(FilterChainBuilder.java:334)
	at org.apache.dubbo.rpc.filter.ClassLoaderFilter.invoke(ClassLoaderFilter.java:54)
	at org.apache.dubbo.rpc.cluster.filter.FilterChainBuilder$CopyOfFilterChainNode.invoke(FilterChainBuilder.java:334)
	at org.apache.dubbo.rpc.filter.EchoFilter.invoke(EchoFilter.java:41)
	at org.apache.dubbo.rpc.cluster.filter.FilterChainBuilder$CopyOfFilterChainNode.invoke(FilterChainBuilder.java:334)
	at org.apache.dubbo.metrics.filter.MetricsFilter.invoke(MetricsFilter.java:76)
	at org.apache.dubbo.metrics.filter.MetricsProviderFilter.invoke(MetricsProviderFilter.java:36)
	at org.apache.dubbo.rpc.cluster.filter.FilterChainBuilder$CopyOfFilterChainNode.invoke(FilterChainBuilder.java:334)
	at org.apache.dubbo.rpc.filter.ProfilerServerFilter.invoke(ProfilerServerFilter.java:64)
	at org.apache.dubbo.rpc.cluster.filter.FilterChainBuilder$CopyOfFilterChainNode.invoke(FilterChainBuilder.java:334)
	at org.apache.dubbo.rpc.filter.ContextFilter.invoke(ContextFilter.java:144)
	at org.apache.dubbo.rpc.cluster.filter.FilterChainBuilder$CopyOfFilterChainNode.invoke(FilterChainBuilder.java:334)
	at org.apache.dubbo.rpc.cluster.filter.FilterChainBuilder$CallbackRegistrationInvoker.invoke(FilterChainBuilder.java:196)
	at org.apache.dubbo.rpc.protocol.injvm.InjvmInvoker.doInvoke(InjvmInvoker.java:170)
	at org.apache.dubbo.rpc.protocol.AbstractInvoker.doInvokeAndReturn(AbstractInvoker.java:243)
	at org.apache.dubbo.rpc.protocol.AbstractInvoker.invoke(AbstractInvoker.java:187)
	at org.apache.dubbo.rpc.listener.ListenerInvokerWrapper.invoke(ListenerInvokerWrapper.java:71)
	at org.apache.dubbo.rpc.filter.RpcExceptionFilter.invoke(RpcExceptionFilter.java:41)
	at org.apache.dubbo.rpc.cluster.filter.FilterChainBuilder$CopyOfFilterChainNode.invoke(FilterChainBuilder.java:334)
	at org.apache.dubbo.rpc.cluster.filter.FilterChainBuilder$CallbackRegistrationInvoker.invoke(FilterChainBuilder.java:196)
	at org.apache.dubbo.rpc.protocol.ReferenceCountInvokerWrapper.invoke(ReferenceCountInvokerWrapper.java:95)
	at org.apache.dubbo.rpc.cluster.support.AbstractClusterInvoker.invokeWithContext(AbstractClusterInvoker.java:383)
	at org.apache.dubbo.rpc.cluster.support.FailoverClusterInvoker.doInvoke(FailoverClusterInvoker.java:80)
	at org.apache.dubbo.rpc.cluster.support.AbstractClusterInvoker.invoke(AbstractClusterInvoker.java:344)
	at org.apache.dubbo.rpc.cluster.router.RouterSnapshotFilter.invoke(RouterSnapshotFilter.java:46)
	at org.apache.dubbo.rpc.cluster.filter.FilterChainBuilder$CopyOfFilterChainNode.invoke(FilterChainBuilder.java:334)
	at org.apache.dubbo.monitor.support.MonitorFilter.invoke(MonitorFilter.java:108)
	at org.apache.dubbo.rpc.cluster.filter.FilterChainBuilder$CopyOfFilterChainNode.invoke(FilterChainBuilder.java:334)
	at org.apache.dubbo.rpc.cluster.filter.support.MetricsClusterFilter.invoke(MetricsClusterFilter.java:59)
	at org.apache.dubbo.rpc.cluster.filter.FilterChainBuilder$CopyOfFilterChainNode.invoke(FilterChainBuilder.java:334)
	at org.apache.dubbo.rpc.protocol.dubbo.filter.FutureFilter.invoke(FutureFilter.java:52)
	at org.apache.dubbo.rpc.cluster.filter.FilterChainBuilder$CopyOfFilterChainNode.invoke(FilterChainBuilder.java:334)
	at org.apache.dubbo.rpc.cluster.filter.support.ObservationSenderFilter.invoke(ObservationSenderFilter.java:61)
	at org.apache.dubbo.rpc.cluster.filter.FilterChainBuilder$CopyOfFilterChainNode.invoke(FilterChainBuilder.java:334)
	at org.apache.dubbo.spring.security.filter.ContextHolderParametersSelectedTransferFilter.invoke(ContextHolderParametersSelectedTransferFilter.java:41)
	at org.apache.dubbo.rpc.cluster.filter.FilterChainBuilder$CopyOfFilterChainNode.invoke(FilterChainBuilder.java:334)
	at org.apache.dubbo.metrics.filter.MetricsFilter.invoke(MetricsFilter.java:76)
	at org.apache.dubbo.rpc.cluster.filter.support.MetricsConsumerFilter.invoke(MetricsConsumerFilter.java:37)
	at org.apache.dubbo.rpc.cluster.filter.FilterChainBuilder$CopyOfFilterChainNode.invoke(FilterChainBuilder.java:334)
	at org.apache.dubbo.rpc.cluster.filter.support.ConsumerClassLoaderFilter.invoke(ConsumerClassLoaderFilter.java:40)
	at org.apache.dubbo.rpc.cluster.filter.FilterChainBuilder$CopyOfFilterChainNode.invoke(FilterChainBuilder.java:334)
	at org.apache.dubbo.rpc.cluster.filter.support.ConsumerContextFilter.invoke(ConsumerContextFilter.java:116)
	at org.apache.dubbo.rpc.cluster.filter.FilterChainBuilder$CopyOfFilterChainNode.invoke(FilterChainBuilder.java:334)
	at org.apache.dubbo.rpc.cluster.filter.FilterChainBuilder$CallbackRegistrationInvoker.invoke(FilterChainBuilder.java:196)
	at org.apache.dubbo.rpc.cluster.support.wrapper.AbstractCluster$ClusterFilterInvoker.invoke(AbstractCluster.java:91)
	at org.apache.dubbo.rpc.cluster.support.wrapper.MockClusterInvoker.invoke(MockClusterInvoker.java:103)
	at org.apache.dubbo.rpc.cluster.support.wrapper.ScopeClusterInvoker.invoke(ScopeClusterInvoker.java:163)
	... 39 common frames omitted
2026-04-08 18:48:17.662 [nioEventLoopGroup-8-3] WARN  cheese-im-postoffice - Message handling failed: commandType=CHAT_SEND, error=消息处理失败, from=/127.0.0.1:62519
2026-04-08 18:48:20.173 [nioEventLoopGroup-8-3] INFO  cheese-im-postoffice - TCP connection closed: /127.0.0.1:62519
2026-04-08 18:48:20.174 [nioEventLoopGroup-8-3] INFO  cheese-im-postoffice - Connection removed: userID=xxxcrel, connectionID=ee432e1056c3439687c4c541d111a568, platform=Unknown, total=1
2026-04-08 18:48:20.174 [nioEventLoopGroup-8-3] INFO  cheese-im-postoffice - TCP connection removed: connectionID=ee432e1056c3439687c4c541d111a568, userID=xxxcrel
2026-04-08 18:48:26.294 [nioEventLoopGroup-8-4] INFO  cheese-im-postoffice - TCP connection closed: /127.0.0.1:62559
2026-04-08 18:48:26.296 [nioEventLoopGroup-8-4] INFO  cheese-im-postoffice - Connection removed: userID=xuecheng, connectionID=b46bf48c93494e1480d3f1e923d656c6, platform=Unknown, total=0
2026-04-08 18:48:26.297 [nioEventLoopGroup-8-4] INFO  cheese-im-postoffice - TCP connection removed: connectionID=b46bf48c93494e1480d3f1e923d656c6, userID=xuecheng
2026-04-08 18:48:34.417 [nioEventLoopGroup-8-5] INFO  cheese-im-postoffice - TCP connection established: /127.0.0.1:64598
2026-04-08 18:48:34.418 [nioEventLoopGroup-8-5] INFO  cheese-im-postoffice - Pending connection registered: connectionID=d081e20aaa6f48be8658d2c9fcf0eb41, remoteAddress=/127.0.0.1:64598
2026-04-08 18:48:34.418 [nioEventLoopGroup-8-5] INFO  cheese-im-postoffice - TCP connection created: connectionID=d081e20aaa6f48be8658d2c9fcf0eb41, clientIP=127.0.0.1
2026-04-08 18:48:34.420 [nioEventLoopGroup-8-5] INFO  cheese-im-postoffice - Connection added: userID=xxxcrel, connectionID=d081e20aaa6f48be8658d2c9fcf0eb41, platform=Unknown, total=1
2026-04-08 18:48:34.421 [nioEventLoopGroup-8-5] INFO  cheese-im-postoffice - Authentication success: userID=xxxcrel, sessionID=sess:xxxcrel:cheesebox-dev, deviceID=cheesebox-dev, connectionID=d081e20aaa6f48be8658d2c9fcf0eb41
2026-04-08 18:48:39.211 [nioEventLoopGroup-8-6] INFO  cheese-im-postoffice - TCP connection established: /127.0.0.1:64624
2026-04-08 18:48:39.211 [nioEventLoopGroup-8-6] INFO  cheese-im-postoffice - Pending connection registered: connectionID=f3439b82bbfd4efd98746463b3bbcf25, remoteAddress=/127.0.0.1:64624
2026-04-08 18:48:39.211 [nioEventLoopGroup-8-6] INFO  cheese-im-postoffice - TCP connection created: connectionID=f3439b82bbfd4efd98746463b3bbcf25, clientIP=127.0.0.1
2026-04-08 18:48:39.213 [nioEventLoopGroup-8-6] INFO  cheese-im-postoffice - Connection added: userID=xuecheng, connectionID=f3439b82bbfd4efd98746463b3bbcf25, platform=Unknown, total=2
2026-04-08 18:48:39.213 [nioEventLoopGroup-8-6] INFO  cheese-im-postoffice - Authentication success: userID=xuecheng, sessionID=sess:xuecheng:cheesebox-dev, deviceID=cheesebox-dev, connectionID=f3439b82bbfd4efd98746463b3bbcf25
2026-04-08 18:48:55.313 [nioEventLoopGroup-8-6] ERROR cheese-im-postoffice - Failed to handle chat message: userID=xuecheng, connectionID=f3439b82bbfd4efd98746463b3bbcf25
org.apache.dubbo.rpc.RpcException: java.util.concurrent.ExecutionException: org.apache.dubbo.rpc.RpcException: Failed to invoke the method isBlocked in the service com.cheeseocean.im.common.api.friend.FriendRelationService. No provider available for the service com.cheeseocean.im.common.api.friend.FriendRelationService from registry Directory(invokers: 1[127.0.0.1], validInvokers: 0[], invokersToReconnect: 1[127.0.0.1]) on the consumer 192.168.31.22 using the dubbo version 3.2.8. Please check if the providers have been started and registered.
	at org.apache.dubbo.rpc.AsyncRpcResult.getAppResponse(AsyncRpcResult.java:166)
	at org.apache.dubbo.rpc.AsyncRpcResult.recreate(AsyncRpcResult.java:230)
	at org.apache.dubbo.rpc.proxy.InvocationUtil.invoke(InvocationUtil.java:61)
	at org.apache.dubbo.rpc.proxy.InvokerInvocationHandler.invoke(InvokerInvocationHandler.java:75)
	at com.cheeseocean.im.common.api.rpc.MessageSenderDubboProxy7.sendMessage(MessageSenderDubboProxy7.java)
	at java.base/jdk.internal.reflect.NativeMethodAccessorImpl.invoke0(Native Method)
	at java.base/jdk.internal.reflect.NativeMethodAccessorImpl.invoke(NativeMethodAccessorImpl.java:77)
	at java.base/jdk.internal.reflect.DelegatingMethodAccessorImpl.invoke(DelegatingMethodAccessorImpl.java:43)
	at java.base/java.lang.reflect.Method.invoke(Method.java:568)
	at org.apache.dubbo.config.spring.util.LazyTargetInvocationHandler.invoke(LazyTargetInvocationHandler.java:54)
	at com.cheeseocean.im.common.api.rpc.MessageSenderDubboProxy7.sendMessage(MessageSenderDubboProxy7.java)
	at com.cheeseocean.im.postoffice.handler.ChatMessageHandler.handle(ChatMessageHandler.java:77)
	at com.cheeseocean.im.postoffice.server.TcpServerHandler.handleMessage(TcpServerHandler.java:173)
	at com.cheeseocean.im.postoffice.server.TcpServerHandler.channelRead0(TcpServerHandler.java:123)
	at com.cheeseocean.im.postoffice.server.TcpServerHandler.channelRead0(TcpServerHandler.java:29)
	at io.netty.channel.SimpleChannelInboundHandler.channelRead(SimpleChannelInboundHandler.java:99)
	at io.netty.channel.AbstractChannelHandlerContext.invokeChannelRead(AbstractChannelHandlerContext.java:444)
	at io.netty.channel.AbstractChannelHandlerContext.invokeChannelRead(AbstractChannelHandlerContext.java:420)
	at io.netty.channel.AbstractChannelHandlerContext.fireChannelRead(AbstractChannelHandlerContext.java:412)
	at io.netty.handler.codec.ByteToMessageDecoder.fireChannelRead(ByteToMessageDecoder.java:346)
	at io.netty.handler.codec.ByteToMessageDecoder.channelRead(ByteToMessageDecoder.java:318)
	at io.netty.channel.AbstractChannelHandlerContext.invokeChannelRead(AbstractChannelHandlerContext.java:444)
	at io.netty.channel.AbstractChannelHandlerContext.invokeChannelRead(AbstractChannelHandlerContext.java:420)
	at io.netty.channel.AbstractChannelHandlerContext.fireChannelRead(AbstractChannelHandlerContext.java:412)
	at io.netty.handler.timeout.IdleStateHandler.channelRead(IdleStateHandler.java:289)
	at io.netty.channel.AbstractChannelHandlerContext.invokeChannelRead(AbstractChannelHandlerContext.java:442)
	at io.netty.channel.AbstractChannelHandlerContext.invokeChannelRead(AbstractChannelHandlerContext.java:420)
	at io.netty.channel.AbstractChannelHandlerContext.fireChannelRead(AbstractChannelHandlerContext.java:412)
	at io.netty.channel.DefaultChannelPipeline$HeadContext.channelRead(DefaultChannelPipeline.java:1410)
	at io.netty.channel.AbstractChannelHandlerContext.invokeChannelRead(AbstractChannelHandlerContext.java:440)
	at io.netty.channel.AbstractChannelHandlerContext.invokeChannelRead(AbstractChannelHandlerContext.java:420)
	at io.netty.channel.DefaultChannelPipeline.fireChannelRead(DefaultChannelPipeline.java:919)
	at io.netty.channel.nio.AbstractNioByteChannel$NioByteUnsafe.read(AbstractNioByteChannel.java:166)
	at io.netty.channel.nio.NioEventLoop.processSelectedKey(NioEventLoop.java:788)
	at io.netty.channel.nio.NioEventLoop.processSelectedKeysOptimized(NioEventLoop.java:724)
	at io.netty.channel.nio.NioEventLoop.processSelectedKeys(NioEventLoop.java:650)
	at io.netty.channel.nio.NioEventLoop.run(NioEventLoop.java:562)
	at io.netty.util.concurrent.SingleThreadEventExecutor$4.run(SingleThreadEventExecutor.java:997)
	at io.netty.util.internal.ThreadExecutorMap$2.run(ThreadExecutorMap.java:74)
	at io.netty.util.concurrent.FastThreadLocalRunnable.run(FastThreadLocalRunnable.java:30)
	at java.base/java.lang.Thread.run(Thread.java:840)
Caused by: java.util.concurrent.ExecutionException: org.apache.dubbo.rpc.RpcException: Failed to invoke the method isBlocked in the service com.cheeseocean.im.common.api.friend.FriendRelationService. No provider available for the service com.cheeseocean.im.common.api.friend.FriendRelationService from registry Directory(invokers: 1[127.0.0.1], validInvokers: 0[], invokersToReconnect: 1[127.0.0.1]) on the consumer 192.168.31.22 using the dubbo version 3.2.8. Please check if the providers have been started and registered.
	at java.base/java.util.concurrent.CompletableFuture.reportGet(CompletableFuture.java:396)
	at java.base/java.util.concurrent.CompletableFuture.get(CompletableFuture.java:2073)
	at org.apache.dubbo.rpc.AsyncRpcResult.getAppResponse(AsyncRpcResult.java:161)
	... 40 common frames omitted
Caused by: org.apache.dubbo.rpc.RpcException: Failed to invoke the method isBlocked in the service com.cheeseocean.im.common.api.friend.FriendRelationService. No provider available for the service com.cheeseocean.im.common.api.friend.FriendRelationService from registry Directory(invokers: 1[127.0.0.1], validInvokers: 0[], invokersToReconnect: 1[127.0.0.1]) on the consumer 192.168.31.22 using the dubbo version 3.2.8. Please check if the providers have been started and registered.
	at org.apache.dubbo.rpc.cluster.support.AbstractClusterInvoker.checkInvokers(AbstractClusterInvoker.java:370)
	at org.apache.dubbo.rpc.cluster.support.AbstractClusterInvoker.invoke(AbstractClusterInvoker.java:337)
	at org.apache.dubbo.rpc.cluster.router.RouterSnapshotFilter.invoke(RouterSnapshotFilter.java:46)
	at org.apache.dubbo.rpc.cluster.filter.FilterChainBuilder$CopyOfFilterChainNode.invoke(FilterChainBuilder.java:334)
	at org.apache.dubbo.monitor.support.MonitorFilter.invoke(MonitorFilter.java:108)
	at org.apache.dubbo.rpc.cluster.filter.FilterChainBuilder$CopyOfFilterChainNode.invoke(FilterChainBuilder.java:334)
	at org.apache.dubbo.rpc.cluster.filter.support.MetricsClusterFilter.invoke(MetricsClusterFilter.java:59)
	at org.apache.dubbo.rpc.cluster.filter.FilterChainBuilder$CopyOfFilterChainNode.invoke(FilterChainBuilder.java:334)
	at org.apache.dubbo.rpc.protocol.dubbo.filter.FutureFilter.invoke(FutureFilter.java:52)
	at org.apache.dubbo.rpc.cluster.filter.FilterChainBuilder$CopyOfFilterChainNode.invoke(FilterChainBuilder.java:334)
	at org.apache.dubbo.rpc.cluster.filter.support.ObservationSenderFilter.invoke(ObservationSenderFilter.java:61)
	at org.apache.dubbo.rpc.cluster.filter.FilterChainBuilder$CopyOfFilterChainNode.invoke(FilterChainBuilder.java:334)
	at org.apache.dubbo.spring.security.filter.ContextHolderParametersSelectedTransferFilter.invoke(ContextHolderParametersSelectedTransferFilter.java:41)
	at org.apache.dubbo.rpc.cluster.filter.FilterChainBuilder$CopyOfFilterChainNode.invoke(FilterChainBuilder.java:334)
	at org.apache.dubbo.metrics.filter.MetricsFilter.invoke(MetricsFilter.java:76)
	at org.apache.dubbo.rpc.cluster.filter.support.MetricsConsumerFilter.invoke(MetricsConsumerFilter.java:37)
	at org.apache.dubbo.rpc.cluster.filter.FilterChainBuilder$CopyOfFilterChainNode.invoke(FilterChainBuilder.java:334)
	at org.apache.dubbo.rpc.cluster.filter.support.ConsumerClassLoaderFilter.invoke(ConsumerClassLoaderFilter.java:40)
	at org.apache.dubbo.rpc.cluster.filter.FilterChainBuilder$CopyOfFilterChainNode.invoke(FilterChainBuilder.java:334)
	at org.apache.dubbo.rpc.cluster.filter.support.ConsumerContextFilter.invoke(ConsumerContextFilter.java:116)
	at org.apache.dubbo.rpc.cluster.filter.FilterChainBuilder$CopyOfFilterChainNode.invoke(FilterChainBuilder.java:334)
	at org.apache.dubbo.rpc.cluster.filter.FilterChainBuilder$CallbackRegistrationInvoker.invoke(FilterChainBuilder.java:196)
	at org.apache.dubbo.rpc.cluster.support.wrapper.AbstractCluster$ClusterFilterInvoker.invoke(AbstractCluster.java:91)
	at org.apache.dubbo.rpc.cluster.support.wrapper.MockClusterInvoker.invoke(MockClusterInvoker.java:103)
	at org.apache.dubbo.rpc.cluster.support.wrapper.ScopeClusterInvoker.invoke(ScopeClusterInvoker.java:163)
	at org.apache.dubbo.rpc.proxy.InvocationUtil.invoke(InvocationUtil.java:61)
	at org.apache.dubbo.rpc.proxy.InvokerInvocationHandler.invoke(InvokerInvocationHandler.java:75)
	at com.cheeseocean.im.common.api.friend.FriendRelationServiceDubboProxy10.isBlocked(FriendRelationServiceDubboProxy10.java)
	at java.base/jdk.internal.reflect.NativeMethodAccessorImpl.invoke0(Native Method)
	at java.base/jdk.internal.reflect.NativeMethodAccessorImpl.invoke(NativeMethodAccessorImpl.java:77)
	at java.base/jdk.internal.reflect.DelegatingMethodAccessorImpl.invoke(DelegatingMethodAccessorImpl.java:43)
	at java.base/java.lang.reflect.Method.invoke(Method.java:568)
	at org.apache.dubbo.config.spring.util.LazyTargetInvocationHandler.invoke(LazyTargetInvocationHandler.java:54)
	at com.cheeseocean.im.common.api.friend.FriendRelationServiceDubboProxy10.isBlocked(FriendRelationServiceDubboProxy10.java)
	at com.cheeseocean.im.postbox.service.MessageSenderImpl.checkSingleChatPermission(MessageSenderImpl.java:109)
	at com.cheeseocean.im.postbox.service.MessageSenderImpl.sendMessage(MessageSenderImpl.java:64)
	at com.cheeseocean.im.postbox.service.MessageSenderImplDubboWrap2.invokeMethod(MessageSenderImplDubboWrap2.java)
	at org.apache.dubbo.rpc.proxy.javassist.JavassistProxyFactory$1.doInvoke(JavassistProxyFactory.java:73)
	at org.apache.dubbo.rpc.proxy.AbstractProxyInvoker.invoke(AbstractProxyInvoker.java:100)
	at org.apache.dubbo.config.invoker.DelegateProviderMetaDataInvoker.invoke(DelegateProviderMetaDataInvoker.java:55)
	at org.apache.dubbo.rpc.filter.ClassLoaderCallbackFilter.invoke(ClassLoaderCallbackFilter.java:38)
	at org.apache.dubbo.rpc.cluster.filter.FilterChainBuilder$CopyOfFilterChainNode.invoke(FilterChainBuilder.java:334)
	at org.apache.dubbo.rpc.protocol.dubbo.filter.TraceFilter.invoke(TraceFilter.java:80)
	at org.apache.dubbo.rpc.cluster.filter.FilterChainBuilder$CopyOfFilterChainNode.invoke(FilterChainBuilder.java:334)
	at org.apache.dubbo.rpc.filter.TimeoutFilter.invoke(TimeoutFilter.java:45)
	at org.apache.dubbo.rpc.cluster.filter.FilterChainBuilder$CopyOfFilterChainNode.invoke(FilterChainBuilder.java:334)
	at org.apache.dubbo.monitor.support.MonitorFilter.invoke(MonitorFilter.java:108)
	at org.apache.dubbo.rpc.cluster.filter.FilterChainBuilder$CopyOfFilterChainNode.invoke(FilterChainBuilder.java:334)
	at org.apache.dubbo.rpc.filter.ExceptionFilter.invoke(ExceptionFilter.java:55)
	at org.apache.dubbo.rpc.cluster.filter.FilterChainBuilder$CopyOfFilterChainNode.invoke(FilterChainBuilder.java:334)
	at org.apache.dubbo.rpc.filter.AccessLogFilter.invoke(AccessLogFilter.java:119)
	at org.apache.dubbo.rpc.cluster.filter.FilterChainBuilder$CopyOfFilterChainNode.invoke(FilterChainBuilder.java:334)
	at org.apache.dubbo.metrics.observation.ObservationReceiverFilter.invoke(ObservationReceiverFilter.java:56)
	at org.apache.dubbo.rpc.cluster.filter.FilterChainBuilder$CopyOfFilterChainNode.invoke(FilterChainBuilder.java:334)
	at org.apache.dubbo.rpc.filter.GenericFilter.invoke(GenericFilter.java:208)
	at org.apache.dubbo.rpc.cluster.filter.FilterChainBuilder$CopyOfFilterChainNode.invoke(FilterChainBuilder.java:334)
	at org.apache.dubbo.rpc.filter.ClassLoaderFilter.invoke(ClassLoaderFilter.java:54)
	at org.apache.dubbo.rpc.cluster.filter.FilterChainBuilder$CopyOfFilterChainNode.invoke(FilterChainBuilder.java:334)
	at org.apache.dubbo.rpc.filter.EchoFilter.invoke(EchoFilter.java:41)
	at org.apache.dubbo.rpc.cluster.filter.FilterChainBuilder$CopyOfFilterChainNode.invoke(FilterChainBuilder.java:334)
	at org.apache.dubbo.metrics.filter.MetricsFilter.invoke(MetricsFilter.java:76)
	at org.apache.dubbo.metrics.filter.MetricsProviderFilter.invoke(MetricsProviderFilter.java:36)
	at org.apache.dubbo.rpc.cluster.filter.FilterChainBuilder$CopyOfFilterChainNode.invoke(FilterChainBuilder.java:334)
	at org.apache.dubbo.rpc.filter.ProfilerServerFilter.invoke(ProfilerServerFilter.java:64)
	at org.apache.dubbo.rpc.cluster.filter.FilterChainBuilder$CopyOfFilterChainNode.invoke(FilterChainBuilder.java:334)
	at org.apache.dubbo.rpc.filter.ContextFilter.invoke(ContextFilter.java:144)
	at org.apache.dubbo.rpc.cluster.filter.FilterChainBuilder$CopyOfFilterChainNode.invoke(FilterChainBuilder.java:334)
	at org.apache.dubbo.rpc.cluster.filter.FilterChainBuilder$CallbackRegistrationInvoker.invoke(FilterChainBuilder.java:196)
	at org.apache.dubbo.rpc.protocol.injvm.InjvmInvoker.doInvoke(InjvmInvoker.java:170)
	at org.apache.dubbo.rpc.protocol.AbstractInvoker.doInvokeAndReturn(AbstractInvoker.java:243)
	at org.apache.dubbo.rpc.protocol.AbstractInvoker.invoke(AbstractInvoker.java:187)
	at org.apache.dubbo.rpc.listener.ListenerInvokerWrapper.invoke(ListenerInvokerWrapper.java:71)
	at org.apache.dubbo.rpc.filter.RpcExceptionFilter.invoke(RpcExceptionFilter.java:41)
	at org.apache.dubbo.rpc.cluster.filter.FilterChainBuilder$CopyOfFilterChainNode.invoke(FilterChainBuilder.java:334)
	at org.apache.dubbo.rpc.cluster.filter.FilterChainBuilder$CallbackRegistrationInvoker.invoke(FilterChainBuilder.java:196)
	at org.apache.dubbo.rpc.protocol.ReferenceCountInvokerWrapper.invoke(ReferenceCountInvokerWrapper.java:95)
	at org.apache.dubbo.rpc.cluster.support.AbstractClusterInvoker.invokeWithContext(AbstractClusterInvoker.java:383)
	at org.apache.dubbo.rpc.cluster.support.FailoverClusterInvoker.doInvoke(FailoverClusterInvoker.java:80)
	at org.apache.dubbo.rpc.cluster.support.AbstractClusterInvoker.invoke(AbstractClusterInvoker.java:344)
	at org.apache.dubbo.rpc.cluster.router.RouterSnapshotFilter.invoke(RouterSnapshotFilter.java:46)
	at org.apache.dubbo.rpc.cluster.filter.FilterChainBuilder$CopyOfFilterChainNode.invoke(FilterChainBuilder.java:334)
	at org.apache.dubbo.monitor.support.MonitorFilter.invoke(MonitorFilter.java:108)
	at org.apache.dubbo.rpc.cluster.filter.FilterChainBuilder$CopyOfFilterChainNode.invoke(FilterChainBuilder.java:334)
	at org.apache.dubbo.rpc.cluster.filter.support.MetricsClusterFilter.invoke(MetricsClusterFilter.java:59)
	at org.apache.dubbo.rpc.cluster.filter.FilterChainBuilder$CopyOfFilterChainNode.invoke(FilterChainBuilder.java:334)
	at org.apache.dubbo.rpc.protocol.dubbo.filter.FutureFilter.invoke(FutureFilter.java:52)
	at org.apache.dubbo.rpc.cluster.filter.FilterChainBuilder$CopyOfFilterChainNode.invoke(FilterChainBuilder.java:334)
	at org.apache.dubbo.rpc.cluster.filter.support.ObservationSenderFilter.invoke(ObservationSenderFilter.java:61)
	at org.apache.dubbo.rpc.cluster.filter.FilterChainBuilder$CopyOfFilterChainNode.invoke(FilterChainBuilder.java:334)
	at org.apache.dubbo.spring.security.filter.ContextHolderParametersSelectedTransferFilter.invoke(ContextHolderParametersSelectedTransferFilter.java:41)
	at org.apache.dubbo.rpc.cluster.filter.FilterChainBuilder$CopyOfFilterChainNode.invoke(FilterChainBuilder.java:334)
	at org.apache.dubbo.metrics.filter.MetricsFilter.invoke(MetricsFilter.java:76)
	at org.apache.dubbo.rpc.cluster.filter.support.MetricsConsumerFilter.invoke(MetricsConsumerFilter.java:37)
	at org.apache.dubbo.rpc.cluster.filter.FilterChainBuilder$CopyOfFilterChainNode.invoke(FilterChainBuilder.java:334)
	at org.apache.dubbo.rpc.cluster.filter.support.ConsumerClassLoaderFilter.invoke(ConsumerClassLoaderFilter.java:40)
	at org.apache.dubbo.rpc.cluster.filter.FilterChainBuilder$CopyOfFilterChainNode.invoke(FilterChainBuilder.java:334)
	at org.apache.dubbo.rpc.cluster.filter.support.ConsumerContextFilter.invoke(ConsumerContextFilter.java:116)
	at org.apache.dubbo.rpc.cluster.filter.FilterChainBuilder$CopyOfFilterChainNode.invoke(FilterChainBuilder.java:334)
	at org.apache.dubbo.rpc.cluster.filter.FilterChainBuilder$CallbackRegistrationInvoker.invoke(FilterChainBuilder.java:196)
	at org.apache.dubbo.rpc.cluster.support.wrapper.AbstractCluster$ClusterFilterInvoker.invoke(AbstractCluster.java:91)
	at org.apache.dubbo.rpc.cluster.support.wrapper.MockClusterInvoker.invoke(MockClusterInvoker.java:103)
	at org.apache.dubbo.rpc.cluster.support.wrapper.ScopeClusterInvoker.invoke(ScopeClusterInvoker.java:163)
	... 39 common frames omitted
2026-04-08 18:48:55.314 [nioEventLoopGroup-8-6] WARN  cheese-im-postoffice - Message handling failed: commandType=CHAT_SEND, error=消息处理失败, from=/127.0.0.1:64624
2026-04-08 18:49:11.409 [nioEventLoopGroup-8-6] ERROR cheese-im-postoffice - Failed to handle chat message: userID=xuecheng, connectionID=f3439b82bbfd4efd98746463b3bbcf25
org.apache.dubbo.rpc.RpcException: java.util.concurrent.ExecutionException: org.apache.dubbo.rpc.RpcException: Failed to invoke the method isBlocked in the service com.cheeseocean.im.common.api.friend.FriendRelationService. No provider available for the service com.cheeseocean.im.common.api.friend.FriendRelationService from registry Directory(invokers: 1[127.0.0.1], validInvokers: 0[], invokersToReconnect: 1[127.0.0.1]) on the consumer 192.168.31.22 using the dubbo version 3.2.8. Please check if the providers have been started and registered.
	at org.apache.dubbo.rpc.AsyncRpcResult.getAppResponse(AsyncRpcResult.java:166)
	at org.apache.dubbo.rpc.AsyncRpcResult.recreate(AsyncRpcResult.java:230)
	at org.apache.dubbo.rpc.proxy.InvocationUtil.invoke(InvocationUtil.java:61)
	at org.apache.dubbo.rpc.proxy.InvokerInvocationHandler.invoke(InvokerInvocationHandler.java:75)
	at com.cheeseocean.im.common.api.rpc.MessageSenderDubboProxy7.sendMessage(MessageSenderDubboProxy7.java)
	at java.base/jdk.internal.reflect.NativeMethodAccessorImpl.invoke0(Native Method)
	at java.base/jdk.internal.reflect.NativeMethodAccessorImpl.invoke(NativeMethodAccessorImpl.java:77)
	at java.base/jdk.internal.reflect.DelegatingMethodAccessorImpl.invoke(DelegatingMethodAccessorImpl.java:43)
	at java.base/java.lang.reflect.Method.invoke(Method.java:568)
	at org.apache.dubbo.config.spring.util.LazyTargetInvocationHandler.invoke(LazyTargetInvocationHandler.java:54)
	at com.cheeseocean.im.common.api.rpc.MessageSenderDubboProxy7.sendMessage(MessageSenderDubboProxy7.java)
	at com.cheeseocean.im.postoffice.handler.ChatMessageHandler.handle(ChatMessageHandler.java:77)
	at com.cheeseocean.im.postoffice.server.TcpServerHandler.handleMessage(TcpServerHandler.java:173)
	at com.cheeseocean.im.postoffice.server.TcpServerHandler.channelRead0(TcpServerHandler.java:123)
	at com.cheeseocean.im.postoffice.server.TcpServerHandler.channelRead0(TcpServerHandler.java:29)
	at io.netty.channel.SimpleChannelInboundHandler.channelRead(SimpleChannelInboundHandler.java:99)
	at io.netty.channel.AbstractChannelHandlerContext.invokeChannelRead(AbstractChannelHandlerContext.java:444)
	at io.netty.channel.AbstractChannelHandlerContext.invokeChannelRead(AbstractChannelHandlerContext.java:420)
	at io.netty.channel.AbstractChannelHandlerContext.fireChannelRead(AbstractChannelHandlerContext.java:412)
	at io.netty.handler.codec.ByteToMessageDecoder.fireChannelRead(ByteToMessageDecoder.java:346)
	at io.netty.handler.codec.ByteToMessageDecoder.channelRead(ByteToMessageDecoder.java:318)
	at io.netty.channel.AbstractChannelHandlerContext.invokeChannelRead(AbstractChannelHandlerContext.java:444)
	at io.netty.channel.AbstractChannelHandlerContext.invokeChannelRead(AbstractChannelHandlerContext.java:420)
	at io.netty.channel.AbstractChannelHandlerContext.fireChannelRead(AbstractChannelHandlerContext.java:412)
	at io.netty.handler.timeout.IdleStateHandler.channelRead(IdleStateHandler.java:289)
	at io.netty.channel.AbstractChannelHandlerContext.invokeChannelRead(AbstractChannelHandlerContext.java:442)
	at io.netty.channel.AbstractChannelHandlerContext.invokeChannelRead(AbstractChannelHandlerContext.java:420)
	at io.netty.channel.AbstractChannelHandlerContext.fireChannelRead(AbstractChannelHandlerContext.java:412)
	at io.netty.channel.DefaultChannelPipeline$HeadContext.channelRead(DefaultChannelPipeline.java:1410)
	at io.netty.channel.AbstractChannelHandlerContext.invokeChannelRead(AbstractChannelHandlerContext.java:440)
	at io.netty.channel.AbstractChannelHandlerContext.invokeChannelRead(AbstractChannelHandlerContext.java:420)
	at io.netty.channel.DefaultChannelPipeline.fireChannelRead(DefaultChannelPipeline.java:919)
	at io.netty.channel.nio.AbstractNioByteChannel$NioByteUnsafe.read(AbstractNioByteChannel.java:166)
	at io.netty.channel.nio.NioEventLoop.processSelectedKey(NioEventLoop.java:788)
	at io.netty.channel.nio.NioEventLoop.processSelectedKeysOptimized(NioEventLoop.java:724)
	at io.netty.channel.nio.NioEventLoop.processSelectedKeys(NioEventLoop.java:650)
	at io.netty.channel.nio.NioEventLoop.run(NioEventLoop.java:562)
	at io.netty.util.concurrent.SingleThreadEventExecutor$4.run(SingleThreadEventExecutor.java:997)
	at io.netty.util.internal.ThreadExecutorMap$2.run(ThreadExecutorMap.java:74)
	at io.netty.util.concurrent.FastThreadLocalRunnable.run(FastThreadLocalRunnable.java:30)
	at java.base/java.lang.Thread.run(Thread.java:840)
Caused by: java.util.concurrent.ExecutionException: org.apache.dubbo.rpc.RpcException: Failed to invoke the method isBlocked in the service com.cheeseocean.im.common.api.friend.FriendRelationService. No provider available for the service com.cheeseocean.im.common.api.friend.FriendRelationService from registry Directory(invokers: 1[127.0.0.1], validInvokers: 0[], invokersToReconnect: 1[127.0.0.1]) on the consumer 192.168.31.22 using the dubbo version 3.2.8. Please check if the providers have been started and registered.
	at java.base/java.util.concurrent.CompletableFuture.reportGet(CompletableFuture.java:396)
	at java.base/java.util.concurrent.CompletableFuture.get(CompletableFuture.java:2073)
	at org.apache.dubbo.rpc.AsyncRpcResult.getAppResponse(AsyncRpcResult.java:161)
	... 40 common frames omitted
Caused by: org.apache.dubbo.rpc.RpcException: Failed to invoke the method isBlocked in the service com.cheeseocean.im.common.api.friend.FriendRelationService. No provider available for the service com.cheeseocean.im.common.api.friend.FriendRelationService from registry Directory(invokers: 1[127.0.0.1], validInvokers: 0[], invokersToReconnect: 1[127.0.0.1]) on the consumer 192.168.31.22 using the dubbo version 3.2.8. Please check if the providers have been started and registered.
	at org.apache.dubbo.rpc.cluster.support.AbstractClusterInvoker.checkInvokers(AbstractClusterInvoker.java:370)
	at org.apache.dubbo.rpc.cluster.support.AbstractClusterInvoker.invoke(AbstractClusterInvoker.java:337)
	at org.apache.dubbo.rpc.cluster.router.RouterSnapshotFilter.invoke(RouterSnapshotFilter.java:46)
	at org.apache.dubbo.rpc.cluster.filter.FilterChainBuilder$CopyOfFilterChainNode.invoke(FilterChainBuilder.java:334)
	at org.apache.dubbo.monitor.support.MonitorFilter.invoke(MonitorFilter.java:108)
	at org.apache.dubbo.rpc.cluster.filter.FilterChainBuilder$CopyOfFilterChainNode.invoke(FilterChainBuilder.java:334)
	at org.apache.dubbo.rpc.cluster.filter.support.MetricsClusterFilter.invoke(MetricsClusterFilter.java:59)
	at org.apache.dubbo.rpc.cluster.filter.FilterChainBuilder$CopyOfFilterChainNode.invoke(FilterChainBuilder.java:334)
	at org.apache.dubbo.rpc.protocol.dubbo.filter.FutureFilter.invoke(FutureFilter.java:52)
	at org.apache.dubbo.rpc.cluster.filter.FilterChainBuilder$CopyOfFilterChainNode.invoke(FilterChainBuilder.java:334)
	at org.apache.dubbo.rpc.cluster.filter.support.ObservationSenderFilter.invoke(ObservationSenderFilter.java:61)
	at org.apache.dubbo.rpc.cluster.filter.FilterChainBuilder$CopyOfFilterChainNode.invoke(FilterChainBuilder.java:334)
	at org.apache.dubbo.spring.security.filter.ContextHolderParametersSelectedTransferFilter.invoke(ContextHolderParametersSelectedTransferFilter.java:41)
	at org.apache.dubbo.rpc.cluster.filter.FilterChainBuilder$CopyOfFilterChainNode.invoke(FilterChainBuilder.java:334)
	at org.apache.dubbo.metrics.filter.MetricsFilter.invoke(MetricsFilter.java:76)
	at org.apache.dubbo.rpc.cluster.filter.support.MetricsConsumerFilter.invoke(MetricsConsumerFilter.java:37)
	at org.apache.dubbo.rpc.cluster.filter.FilterChainBuilder$CopyOfFilterChainNode.invoke(FilterChainBuilder.java:334)
	at org.apache.dubbo.rpc.cluster.filter.support.ConsumerClassLoaderFilter.invoke(ConsumerClassLoaderFilter.java:40)
	at org.apache.dubbo.rpc.cluster.filter.FilterChainBuilder$CopyOfFilterChainNode.invoke(FilterChainBuilder.java:334)
	at org.apache.dubbo.rpc.cluster.filter.support.ConsumerContextFilter.invoke(ConsumerContextFilter.java:116)
	at org.apache.dubbo.rpc.cluster.filter.FilterChainBuilder$CopyOfFilterChainNode.invoke(FilterChainBuilder.java:334)
	at org.apache.dubbo.rpc.cluster.filter.FilterChainBuilder$CallbackRegistrationInvoker.invoke(FilterChainBuilder.java:196)
	at org.apache.dubbo.rpc.cluster.support.wrapper.AbstractCluster$ClusterFilterInvoker.invoke(AbstractCluster.java:91)
	at org.apache.dubbo.rpc.cluster.support.wrapper.MockClusterInvoker.invoke(MockClusterInvoker.java:103)
	at org.apache.dubbo.rpc.cluster.support.wrapper.ScopeClusterInvoker.invoke(ScopeClusterInvoker.java:163)
	at org.apache.dubbo.rpc.proxy.InvocationUtil.invoke(InvocationUtil.java:61)
	at org.apache.dubbo.rpc.proxy.InvokerInvocationHandler.invoke(InvokerInvocationHandler.java:75)
	at com.cheeseocean.im.common.api.friend.FriendRelationServiceDubboProxy10.isBlocked(FriendRelationServiceDubboProxy10.java)
	at java.base/jdk.internal.reflect.NativeMethodAccessorImpl.invoke0(Native Method)
	at java.base/jdk.internal.reflect.NativeMethodAccessorImpl.invoke(NativeMethodAccessorImpl.java:77)
	at java.base/jdk.internal.reflect.DelegatingMethodAccessorImpl.invoke(DelegatingMethodAccessorImpl.java:43)
	at java.base/java.lang.reflect.Method.invoke(Method.java:568)
	at org.apache.dubbo.config.spring.util.LazyTargetInvocationHandler.invoke(LazyTargetInvocationHandler.java:54)
	at com.cheeseocean.im.common.api.friend.FriendRelationServiceDubboProxy10.isBlocked(FriendRelationServiceDubboProxy10.java)
	at com.cheeseocean.im.postbox.service.MessageSenderImpl.checkSingleChatPermission(MessageSenderImpl.java:109)
	at com.cheeseocean.im.postbox.service.MessageSenderImpl.sendMessage(MessageSenderImpl.java:64)
	at com.cheeseocean.im.postbox.service.MessageSenderImplDubboWrap2.invokeMethod(MessageSenderImplDubboWrap2.java)
	at org.apache.dubbo.rpc.proxy.javassist.JavassistProxyFactory$1.doInvoke(JavassistProxyFactory.java:73)
	at org.apache.dubbo.rpc.proxy.AbstractProxyInvoker.invoke(AbstractProxyInvoker.java:100)
	at org.apache.dubbo.config.invoker.DelegateProviderMetaDataInvoker.invoke(DelegateProviderMetaDataInvoker.java:55)
	at org.apache.dubbo.rpc.filter.ClassLoaderCallbackFilter.invoke(ClassLoaderCallbackFilter.java:38)
	at org.apache.dubbo.rpc.cluster.filter.FilterChainBuilder$CopyOfFilterChainNode.invoke(FilterChainBuilder.java:334)
	at org.apache.dubbo.rpc.protocol.dubbo.filter.TraceFilter.invoke(TraceFilter.java:80)
	at org.apache.dubbo.rpc.cluster.filter.FilterChainBuilder$CopyOfFilterChainNode.invoke(FilterChainBuilder.java:334)
	at org.apache.dubbo.rpc.filter.TimeoutFilter.invoke(TimeoutFilter.java:45)
	at org.apache.dubbo.rpc.cluster.filter.FilterChainBuilder$CopyOfFilterChainNode.invoke(FilterChainBuilder.java:334)
	at org.apache.dubbo.monitor.support.MonitorFilter.invoke(MonitorFilter.java:108)
	at org.apache.dubbo.rpc.cluster.filter.FilterChainBuilder$CopyOfFilterChainNode.invoke(FilterChainBuilder.java:334)
	at org.apache.dubbo.rpc.filter.ExceptionFilter.invoke(ExceptionFilter.java:55)
	at org.apache.dubbo.rpc.cluster.filter.FilterChainBuilder$CopyOfFilterChainNode.invoke(FilterChainBuilder.java:334)
	at org.apache.dubbo.rpc.filter.AccessLogFilter.invoke(AccessLogFilter.java:119)
	at org.apache.dubbo.rpc.cluster.filter.FilterChainBuilder$CopyOfFilterChainNode.invoke(FilterChainBuilder.java:334)
	at org.apache.dubbo.metrics.observation.ObservationReceiverFilter.invoke(ObservationReceiverFilter.java:56)
	at org.apache.dubbo.rpc.cluster.filter.FilterChainBuilder$CopyOfFilterChainNode.invoke(FilterChainBuilder.java:334)
	at org.apache.dubbo.rpc.filter.GenericFilter.invoke(GenericFilter.java:208)
	at org.apache.dubbo.rpc.cluster.filter.FilterChainBuilder$CopyOfFilterChainNode.invoke(FilterChainBuilder.java:334)
	at org.apache.dubbo.rpc.filter.ClassLoaderFilter.invoke(ClassLoaderFilter.java:54)
	at org.apache.dubbo.rpc.cluster.filter.FilterChainBuilder$CopyOfFilterChainNode.invoke(FilterChainBuilder.java:334)
	at org.apache.dubbo.rpc.filter.EchoFilter.invoke(EchoFilter.java:41)
	at org.apache.dubbo.rpc.cluster.filter.FilterChainBuilder$CopyOfFilterChainNode.invoke(FilterChainBuilder.java:334)
	at org.apache.dubbo.metrics.filter.MetricsFilter.invoke(MetricsFilter.java:76)
	at org.apache.dubbo.metrics.filter.MetricsProviderFilter.invoke(MetricsProviderFilter.java:36)
	at org.apache.dubbo.rpc.cluster.filter.FilterChainBuilder$CopyOfFilterChainNode.invoke(FilterChainBuilder.java:334)
	at org.apache.dubbo.rpc.filter.ProfilerServerFilter.invoke(ProfilerServerFilter.java:64)
	at org.apache.dubbo.rpc.cluster.filter.FilterChainBuilder$CopyOfFilterChainNode.invoke(FilterChainBuilder.java:334)
	at org.apache.dubbo.rpc.filter.ContextFilter.invoke(ContextFilter.java:144)
	at org.apache.dubbo.rpc.cluster.filter.FilterChainBuilder$CopyOfFilterChainNode.invoke(FilterChainBuilder.java:334)
	at org.apache.dubbo.rpc.cluster.filter.FilterChainBuilder$CallbackRegistrationInvoker.invoke(FilterChainBuilder.java:196)
	at org.apache.dubbo.rpc.protocol.injvm.InjvmInvoker.doInvoke(InjvmInvoker.java:170)
	at org.apache.dubbo.rpc.protocol.AbstractInvoker.doInvokeAndReturn(AbstractInvoker.java:243)
	at org.apache.dubbo.rpc.protocol.AbstractInvoker.invoke(AbstractInvoker.java:187)
	at org.apache.dubbo.rpc.listener.ListenerInvokerWrapper.invoke(ListenerInvokerWrapper.java:71)
	at org.apache.dubbo.rpc.filter.RpcExceptionFilter.invoke(RpcExceptionFilter.java:41)
	at org.apache.dubbo.rpc.cluster.filter.FilterChainBuilder$CopyOfFilterChainNode.invoke(FilterChainBuilder.java:334)
	at org.apache.dubbo.rpc.cluster.filter.FilterChainBuilder$CallbackRegistrationInvoker.invoke(FilterChainBuilder.java:196)
	at org.apache.dubbo.rpc.protocol.ReferenceCountInvokerWrapper.invoke(ReferenceCountInvokerWrapper.java:95)
	at org.apache.dubbo.rpc.cluster.support.AbstractClusterInvoker.invokeWithContext(AbstractClusterInvoker.java:383)
	at org.apache.dubbo.rpc.cluster.support.FailoverClusterInvoker.doInvoke(FailoverClusterInvoker.java:80)
	at org.apache.dubbo.rpc.cluster.support.AbstractClusterInvoker.invoke(AbstractClusterInvoker.java:344)
	at org.apache.dubbo.rpc.cluster.router.RouterSnapshotFilter.invoke(RouterSnapshotFilter.java:46)
	at org.apache.dubbo.rpc.cluster.filter.FilterChainBuilder$CopyOfFilterChainNode.invoke(FilterChainBuilder.java:334)
	at org.apache.dubbo.monitor.support.MonitorFilter.invoke(MonitorFilter.java:108)
	at org.apache.dubbo.rpc.cluster.filter.FilterChainBuilder$CopyOfFilterChainNode.invoke(FilterChainBuilder.java:334)
	at org.apache.dubbo.rpc.cluster.filter.support.MetricsClusterFilter.invoke(MetricsClusterFilter.java:59)
	at org.apache.dubbo.rpc.cluster.filter.FilterChainBuilder$CopyOfFilterChainNode.invoke(FilterChainBuilder.java:334)
	at org.apache.dubbo.rpc.protocol.dubbo.filter.FutureFilter.invoke(FutureFilter.java:52)
	at org.apache.dubbo.rpc.cluster.filter.FilterChainBuilder$CopyOfFilterChainNode.invoke(FilterChainBuilder.java:334)
	at org.apache.dubbo.rpc.cluster.filter.support.ObservationSenderFilter.invoke(ObservationSenderFilter.java:61)
	at org.apache.dubbo.rpc.cluster.filter.FilterChainBuilder$CopyOfFilterChainNode.invoke(FilterChainBuilder.java:334)
	at org.apache.dubbo.spring.security.filter.ContextHolderParametersSelectedTransferFilter.invoke(ContextHolderParametersSelectedTransferFilter.java:41)
	at org.apache.dubbo.rpc.cluster.filter.FilterChainBuilder$CopyOfFilterChainNode.invoke(FilterChainBuilder.java:334)
	at org.apache.dubbo.metrics.filter.MetricsFilter.invoke(MetricsFilter.java:76)
	at org.apache.dubbo.rpc.cluster.filter.support.MetricsConsumerFilter.invoke(MetricsConsumerFilter.java:37)
	at org.apache.dubbo.rpc.cluster.filter.FilterChainBuilder$CopyOfFilterChainNode.invoke(FilterChainBuilder.java:334)
	at org.apache.dubbo.rpc.cluster.filter.support.ConsumerClassLoaderFilter.invoke(ConsumerClassLoaderFilter.java:40)
	at org.apache.dubbo.rpc.cluster.filter.FilterChainBuilder$CopyOfFilterChainNode.invoke(FilterChainBuilder.java:334)
	at org.apache.dubbo.rpc.cluster.filter.support.ConsumerContextFilter.invoke(ConsumerContextFilter.java:116)
	at org.apache.dubbo.rpc.cluster.filter.FilterChainBuilder$CopyOfFilterChainNode.invoke(FilterChainBuilder.java:334)
	at org.apache.dubbo.rpc.cluster.filter.FilterChainBuilder$CallbackRegistrationInvoker.invoke(FilterChainBuilder.java:196)
	at org.apache.dubbo.rpc.cluster.support.wrapper.AbstractCluster$ClusterFilterInvoker.invoke(AbstractCluster.java:91)
	at org.apache.dubbo.rpc.cluster.support.wrapper.MockClusterInvoker.invoke(MockClusterInvoker.java:103)
	at org.apache.dubbo.rpc.cluster.support.wrapper.ScopeClusterInvoker.invoke(ScopeClusterInvoker.java:163)
	... 39 common frames omitted
2026-04-08 18:49:11.410 [nioEventLoopGroup-8-6] WARN  cheese-im-postoffice - Message handling failed: commandType=CHAT_SEND, error=消息处理失败, from=/127.0.0.1:64624
2026-04-08 18:49:12.732 [nioEventLoopGroup-8-6] ERROR cheese-im-postoffice - Failed to handle chat message: userID=xuecheng, connectionID=f3439b82bbfd4efd98746463b3bbcf25
org.apache.dubbo.rpc.RpcException: java.util.concurrent.ExecutionException: org.apache.dubbo.rpc.RpcException: Failed to invoke the method isBlocked in the service com.cheeseocean.im.common.api.friend.FriendRelationService. No provider available for the service com.cheeseocean.im.common.api.friend.FriendRelationService from registry Directory(invokers: 1[127.0.0.1], validInvokers: 0[], invokersToReconnect: 1[127.0.0.1]) on the consumer 192.168.31.22 using the dubbo version 3.2.8. Please check if the providers have been started and registered.
	at org.apache.dubbo.rpc.AsyncRpcResult.getAppResponse(AsyncRpcResult.java:166)
	at org.apache.dubbo.rpc.AsyncRpcResult.recreate(AsyncRpcResult.java:230)
	at org.apache.dubbo.rpc.proxy.InvocationUtil.invoke(InvocationUtil.java:61)
	at org.apache.dubbo.rpc.proxy.InvokerInvocationHandler.invoke(InvokerInvocationHandler.java:75)
	at com.cheeseocean.im.common.api.rpc.MessageSenderDubboProxy7.sendMessage(MessageSenderDubboProxy7.java)
	at java.base/jdk.internal.reflect.NativeMethodAccessorImpl.invoke0(Native Method)
	at java.base/jdk.internal.reflect.NativeMethodAccessorImpl.invoke(NativeMethodAccessorImpl.java:77)
	at java.base/jdk.internal.reflect.DelegatingMethodAccessorImpl.invoke(DelegatingMethodAccessorImpl.java:43)
	at java.base/java.lang.reflect.Method.invoke(Method.java:568)
	at org.apache.dubbo.config.spring.util.LazyTargetInvocationHandler.invoke(LazyTargetInvocationHandler.java:54)
	at com.cheeseocean.im.common.api.rpc.MessageSenderDubboProxy7.sendMessage(MessageSenderDubboProxy7.java)
	at com.cheeseocean.im.postoffice.handler.ChatMessageHandler.handle(ChatMessageHandler.java:77)
	at com.cheeseocean.im.postoffice.server.TcpServerHandler.handleMessage(TcpServerHandler.java:173)
	at com.cheeseocean.im.postoffice.server.TcpServerHandler.channelRead0(TcpServerHandler.java:123)
	at com.cheeseocean.im.postoffice.server.TcpServerHandler.channelRead0(TcpServerHandler.java:29)
	at io.netty.channel.SimpleChannelInboundHandler.channelRead(SimpleChannelInboundHandler.java:99)
	at io.netty.channel.AbstractChannelHandlerContext.invokeChannelRead(AbstractChannelHandlerContext.java:444)
	at io.netty.channel.AbstractChannelHandlerContext.invokeChannelRead(AbstractChannelHandlerContext.java:420)
	at io.netty.channel.AbstractChannelHandlerContext.fireChannelRead(AbstractChannelHandlerContext.java:412)
	at io.netty.handler.codec.ByteToMessageDecoder.fireChannelRead(ByteToMessageDecoder.java:346)
	at io.netty.handler.codec.ByteToMessageDecoder.channelRead(ByteToMessageDecoder.java:318)
	at io.netty.channel.AbstractChannelHandlerContext.invokeChannelRead(AbstractChannelHandlerContext.java:444)
	at io.netty.channel.AbstractChannelHandlerContext.invokeChannelRead(AbstractChannelHandlerContext.java:420)
	at io.netty.channel.AbstractChannelHandlerContext.fireChannelRead(AbstractChannelHandlerContext.java:412)
	at io.netty.handler.timeout.IdleStateHandler.channelRead(IdleStateHandler.java:289)
	at io.netty.channel.AbstractChannelHandlerContext.invokeChannelRead(AbstractChannelHandlerContext.java:442)
	at io.netty.channel.AbstractChannelHandlerContext.invokeChannelRead(AbstractChannelHandlerContext.java:420)
	at io.netty.channel.AbstractChannelHandlerContext.fireChannelRead(AbstractChannelHandlerContext.java:412)
	at io.netty.channel.DefaultChannelPipeline$HeadContext.channelRead(DefaultChannelPipeline.java:1410)
	at io.netty.channel.AbstractChannelHandlerContext.invokeChannelRead(AbstractChannelHandlerContext.java:440)
	at io.netty.channel.AbstractChannelHandlerContext.invokeChannelRead(AbstractChannelHandlerContext.java:420)
	at io.netty.channel.DefaultChannelPipeline.fireChannelRead(DefaultChannelPipeline.java:919)
	at io.netty.channel.nio.AbstractNioByteChannel$NioByteUnsafe.read(AbstractNioByteChannel.java:166)
	at io.netty.channel.nio.NioEventLoop.processSelectedKey(NioEventLoop.java:788)
	at io.netty.channel.nio.NioEventLoop.processSelectedKeysOptimized(NioEventLoop.java:724)
	at io.netty.channel.nio.NioEventLoop.processSelectedKeys(NioEventLoop.java:650)
	at io.netty.channel.nio.NioEventLoop.run(NioEventLoop.java:562)
	at io.netty.util.concurrent.SingleThreadEventExecutor$4.run(SingleThreadEventExecutor.java:997)
	at io.netty.util.internal.ThreadExecutorMap$2.run(ThreadExecutorMap.java:74)
	at io.netty.util.concurrent.FastThreadLocalRunnable.run(FastThreadLocalRunnable.java:30)
	at java.base/java.lang.Thread.run(Thread.java:840)
Caused by: java.util.concurrent.ExecutionException: org.apache.dubbo.rpc.RpcException: Failed to invoke the method isBlocked in the service com.cheeseocean.im.common.api.friend.FriendRelationService. No provider available for the service com.cheeseocean.im.common.api.friend.FriendRelationService from registry Directory(invokers: 1[127.0.0.1], validInvokers: 0[], invokersToReconnect: 1[127.0.0.1]) on the consumer 192.168.31.22 using the dubbo version 3.2.8. Please check if the providers have been started and registered.
	at java.base/java.util.concurrent.CompletableFuture.reportGet(CompletableFuture.java:396)
	at java.base/java.util.concurrent.CompletableFuture.get(CompletableFuture.java:2073)
	at org.apache.dubbo.rpc.AsyncRpcResult.getAppResponse(AsyncRpcResult.java:161)
	... 40 common frames omitted
Caused by: org.apache.dubbo.rpc.RpcException: Failed to invoke the method isBlocked in the service com.cheeseocean.im.common.api.friend.FriendRelationService. No provider available for the service com.cheeseocean.im.common.api.friend.FriendRelationService from registry Directory(invokers: 1[127.0.0.1], validInvokers: 0[], invokersToReconnect: 1[127.0.0.1]) on the consumer 192.168.31.22 using the dubbo version 3.2.8. Please check if the providers have been started and registered.
	at org.apache.dubbo.rpc.cluster.support.AbstractClusterInvoker.checkInvokers(AbstractClusterInvoker.java:370)
	at org.apache.dubbo.rpc.cluster.support.AbstractClusterInvoker.invoke(AbstractClusterInvoker.java:337)
	at org.apache.dubbo.rpc.cluster.router.RouterSnapshotFilter.invoke(RouterSnapshotFilter.java:46)
	at org.apache.dubbo.rpc.cluster.filter.FilterChainBuilder$CopyOfFilterChainNode.invoke(FilterChainBuilder.java:334)
	at org.apache.dubbo.monitor.support.MonitorFilter.invoke(MonitorFilter.java:108)
	at org.apache.dubbo.rpc.cluster.filter.FilterChainBuilder$CopyOfFilterChainNode.invoke(FilterChainBuilder.java:334)
	at org.apache.dubbo.rpc.cluster.filter.support.MetricsClusterFilter.invoke(MetricsClusterFilter.java:59)
	at org.apache.dubbo.rpc.cluster.filter.FilterChainBuilder$CopyOfFilterChainNode.invoke(FilterChainBuilder.java:334)
	at org.apache.dubbo.rpc.protocol.dubbo.filter.FutureFilter.invoke(FutureFilter.java:52)
	at org.apache.dubbo.rpc.cluster.filter.FilterChainBuilder$CopyOfFilterChainNode.invoke(FilterChainBuilder.java:334)
	at org.apache.dubbo.rpc.cluster.filter.support.ObservationSenderFilter.invoke(ObservationSenderFilter.java:61)
	at org.apache.dubbo.rpc.cluster.filter.FilterChainBuilder$CopyOfFilterChainNode.invoke(FilterChainBuilder.java:334)
	at org.apache.dubbo.spring.security.filter.ContextHolderParametersSelectedTransferFilter.invoke(ContextHolderParametersSelectedTransferFilter.java:41)
	at org.apache.dubbo.rpc.cluster.filter.FilterChainBuilder$CopyOfFilterChainNode.invoke(FilterChainBuilder.java:334)
	at org.apache.dubbo.metrics.filter.MetricsFilter.invoke(MetricsFilter.java:76)
	at org.apache.dubbo.rpc.cluster.filter.support.MetricsConsumerFilter.invoke(MetricsConsumerFilter.java:37)
	at org.apache.dubbo.rpc.cluster.filter.FilterChainBuilder$CopyOfFilterChainNode.invoke(FilterChainBuilder.java:334)
	at org.apache.dubbo.rpc.cluster.filter.support.ConsumerClassLoaderFilter.invoke(ConsumerClassLoaderFilter.java:40)
	at org.apache.dubbo.rpc.cluster.filter.FilterChainBuilder$CopyOfFilterChainNode.invoke(FilterChainBuilder.java:334)
	at org.apache.dubbo.rpc.cluster.filter.support.ConsumerContextFilter.invoke(ConsumerContextFilter.java:116)
	at org.apache.dubbo.rpc.cluster.filter.FilterChainBuilder$CopyOfFilterChainNode.invoke(FilterChainBuilder.java:334)
	at org.apache.dubbo.rpc.cluster.filter.FilterChainBuilder$CallbackRegistrationInvoker.invoke(FilterChainBuilder.java:196)
	at org.apache.dubbo.rpc.cluster.support.wrapper.AbstractCluster$ClusterFilterInvoker.invoke(AbstractCluster.java:91)
	at org.apache.dubbo.rpc.cluster.support.wrapper.MockClusterInvoker.invoke(MockClusterInvoker.java:103)
	at org.apache.dubbo.rpc.cluster.support.wrapper.ScopeClusterInvoker.invoke(ScopeClusterInvoker.java:163)
	at org.apache.dubbo.rpc.proxy.InvocationUtil.invoke(InvocationUtil.java:61)
	at org.apache.dubbo.rpc.proxy.InvokerInvocationHandler.invoke(InvokerInvocationHandler.java:75)
	at com.cheeseocean.im.common.api.friend.FriendRelationServiceDubboProxy10.isBlocked(FriendRelationServiceDubboProxy10.java)
	at java.base/jdk.internal.reflect.NativeMethodAccessorImpl.invoke0(Native Method)
	at java.base/jdk.internal.reflect.NativeMethodAccessorImpl.invoke(NativeMethodAccessorImpl.java:77)
	at java.base/jdk.internal.reflect.DelegatingMethodAccessorImpl.invoke(DelegatingMethodAccessorImpl.java:43)
	at java.base/java.lang.reflect.Method.invoke(Method.java:568)
	at org.apache.dubbo.config.spring.util.LazyTargetInvocationHandler.invoke(LazyTargetInvocationHandler.java:54)
	at com.cheeseocean.im.common.api.friend.FriendRelationServiceDubboProxy10.isBlocked(FriendRelationServiceDubboProxy10.java)
	at com.cheeseocean.im.postbox.service.MessageSenderImpl.checkSingleChatPermission(MessageSenderImpl.java:109)
	at com.cheeseocean.im.postbox.service.MessageSenderImpl.sendMessage(MessageSenderImpl.java:64)
	at com.cheeseocean.im.postbox.service.MessageSenderImplDubboWrap2.invokeMethod(MessageSenderImplDubboWrap2.java)
	at org.apache.dubbo.rpc.proxy.javassist.JavassistProxyFactory$1.doInvoke(JavassistProxyFactory.java:73)
	at org.apache.dubbo.rpc.proxy.AbstractProxyInvoker.invoke(AbstractProxyInvoker.java:100)
	at org.apache.dubbo.config.invoker.DelegateProviderMetaDataInvoker.invoke(DelegateProviderMetaDataInvoker.java:55)
	at org.apache.dubbo.rpc.filter.ClassLoaderCallbackFilter.invoke(ClassLoaderCallbackFilter.java:38)
	at org.apache.dubbo.rpc.cluster.filter.FilterChainBuilder$CopyOfFilterChainNode.invoke(FilterChainBuilder.java:334)
	at org.apache.dubbo.rpc.protocol.dubbo.filter.TraceFilter.invoke(TraceFilter.java:80)
	at org.apache.dubbo.rpc.cluster.filter.FilterChainBuilder$CopyOfFilterChainNode.invoke(FilterChainBuilder.java:334)
	at org.apache.dubbo.rpc.filter.TimeoutFilter.invoke(TimeoutFilter.java:45)
	at org.apache.dubbo.rpc.cluster.filter.FilterChainBuilder$CopyOfFilterChainNode.invoke(FilterChainBuilder.java:334)
	at org.apache.dubbo.monitor.support.MonitorFilter.invoke(MonitorFilter.java:108)
	at org.apache.dubbo.rpc.cluster.filter.FilterChainBuilder$CopyOfFilterChainNode.invoke(FilterChainBuilder.java:334)
	at org.apache.dubbo.rpc.filter.ExceptionFilter.invoke(ExceptionFilter.java:55)
	at org.apache.dubbo.rpc.cluster.filter.FilterChainBuilder$CopyOfFilterChainNode.invoke(FilterChainBuilder.java:334)
	at org.apache.dubbo.rpc.filter.AccessLogFilter.invoke(AccessLogFilter.java:119)
	at org.apache.dubbo.rpc.cluster.filter.FilterChainBuilder$CopyOfFilterChainNode.invoke(FilterChainBuilder.java:334)
	at org.apache.dubbo.metrics.observation.ObservationReceiverFilter.invoke(ObservationReceiverFilter.java:56)
	at org.apache.dubbo.rpc.cluster.filter.FilterChainBuilder$CopyOfFilterChainNode.invoke(FilterChainBuilder.java:334)
	at org.apache.dubbo.rpc.filter.GenericFilter.invoke(GenericFilter.java:208)
	at org.apache.dubbo.rpc.cluster.filter.FilterChainBuilder$CopyOfFilterChainNode.invoke(FilterChainBuilder.java:334)
	at org.apache.dubbo.rpc.filter.ClassLoaderFilter.invoke(ClassLoaderFilter.java:54)
	at org.apache.dubbo.rpc.cluster.filter.FilterChainBuilder$CopyOfFilterChainNode.invoke(FilterChainBuilder.java:334)
	at org.apache.dubbo.rpc.filter.EchoFilter.invoke(EchoFilter.java:41)
	at org.apache.dubbo.rpc.cluster.filter.FilterChainBuilder$CopyOfFilterChainNode.invoke(FilterChainBuilder.java:334)
	at org.apache.dubbo.metrics.filter.MetricsFilter.invoke(MetricsFilter.java:76)
	at org.apache.dubbo.metrics.filter.MetricsProviderFilter.invoke(MetricsProviderFilter.java:36)
	at org.apache.dubbo.rpc.cluster.filter.FilterChainBuilder$CopyOfFilterChainNode.invoke(FilterChainBuilder.java:334)
	at org.apache.dubbo.rpc.filter.ProfilerServerFilter.invoke(ProfilerServerFilter.java:64)
	at org.apache.dubbo.rpc.cluster.filter.FilterChainBuilder$CopyOfFilterChainNode.invoke(FilterChainBuilder.java:334)
	at org.apache.dubbo.rpc.filter.ContextFilter.invoke(ContextFilter.java:144)
	at org.apache.dubbo.rpc.cluster.filter.FilterChainBuilder$CopyOfFilterChainNode.invoke(FilterChainBuilder.java:334)
	at org.apache.dubbo.rpc.cluster.filter.FilterChainBuilder$CallbackRegistrationInvoker.invoke(FilterChainBuilder.java:196)
	at org.apache.dubbo.rpc.protocol.injvm.InjvmInvoker.doInvoke(InjvmInvoker.java:170)
	at org.apache.dubbo.rpc.protocol.AbstractInvoker.doInvokeAndReturn(AbstractInvoker.java:243)
	at org.apache.dubbo.rpc.protocol.AbstractInvoker.invoke(AbstractInvoker.java:187)
	at org.apache.dubbo.rpc.listener.ListenerInvokerWrapper.invoke(ListenerInvokerWrapper.java:71)
	at org.apache.dubbo.rpc.filter.RpcExceptionFilter.invoke(RpcExceptionFilter.java:41)
	at org.apache.dubbo.rpc.cluster.filter.FilterChainBuilder$CopyOfFilterChainNode.invoke(FilterChainBuilder.java:334)
	at org.apache.dubbo.rpc.cluster.filter.FilterChainBuilder$CallbackRegistrationInvoker.invoke(FilterChainBuilder.java:196)
	at org.apache.dubbo.rpc.protocol.ReferenceCountInvokerWrapper.invoke(ReferenceCountInvokerWrapper.java:95)
	at org.apache.dubbo.rpc.cluster.support.AbstractClusterInvoker.invokeWithContext(AbstractClusterInvoker.java:383)
	at org.apache.dubbo.rpc.cluster.support.FailoverClusterInvoker.doInvoke(FailoverClusterInvoker.java:80)
	at org.apache.dubbo.rpc.cluster.support.AbstractClusterInvoker.invoke(AbstractClusterInvoker.java:344)
	at org.apache.dubbo.rpc.cluster.router.RouterSnapshotFilter.invoke(RouterSnapshotFilter.java:46)
	at org.apache.dubbo.rpc.cluster.filter.FilterChainBuilder$CopyOfFilterChainNode.invoke(FilterChainBuilder.java:334)
	at org.apache.dubbo.monitor.support.MonitorFilter.invoke(MonitorFilter.java:108)
	at org.apache.dubbo.rpc.cluster.filter.FilterChainBuilder$CopyOfFilterChainNode.invoke(FilterChainBuilder.java:334)
	at org.apache.dubbo.rpc.cluster.filter.support.MetricsClusterFilter.invoke(MetricsClusterFilter.java:59)
	at org.apache.dubbo.rpc.cluster.filter.FilterChainBuilder$CopyOfFilterChainNode.invoke(FilterChainBuilder.java:334)
	at org.apache.dubbo.rpc.protocol.dubbo.filter.FutureFilter.invoke(FutureFilter.java:52)
	at org.apache.dubbo.rpc.cluster.filter.FilterChainBuilder$CopyOfFilterChainNode.invoke(FilterChainBuilder.java:334)
	at org.apache.dubbo.rpc.cluster.filter.support.ObservationSenderFilter.invoke(ObservationSenderFilter.java:61)
	at org.apache.dubbo.rpc.cluster.filter.FilterChainBuilder$CopyOfFilterChainNode.invoke(FilterChainBuilder.java:334)
	at org.apache.dubbo.spring.security.filter.ContextHolderParametersSelectedTransferFilter.invoke(ContextHolderParametersSelectedTransferFilter.java:41)
	at org.apache.dubbo.rpc.cluster.filter.FilterChainBuilder$CopyOfFilterChainNode.invoke(FilterChainBuilder.java:334)
	at org.apache.dubbo.metrics.filter.MetricsFilter.invoke(MetricsFilter.java:76)
	at org.apache.dubbo.rpc.cluster.filter.support.MetricsConsumerFilter.invoke(MetricsConsumerFilter.java:37)
	at org.apache.dubbo.rpc.cluster.filter.FilterChainBuilder$CopyOfFilterChainNode.invoke(FilterChainBuilder.java:334)
	at org.apache.dubbo.rpc.cluster.filter.support.ConsumerClassLoaderFilter.invoke(ConsumerClassLoaderFilter.java:40)
	at org.apache.dubbo.rpc.cluster.filter.FilterChainBuilder$CopyOfFilterChainNode.invoke(FilterChainBuilder.java:334)
	at org.apache.dubbo.rpc.cluster.filter.support.ConsumerContextFilter.invoke(ConsumerContextFilter.java:116)
	at org.apache.dubbo.rpc.cluster.filter.FilterChainBuilder$CopyOfFilterChainNode.invoke(FilterChainBuilder.java:334)
	at org.apache.dubbo.rpc.cluster.filter.FilterChainBuilder$CallbackRegistrationInvoker.invoke(FilterChainBuilder.java:196)
	at org.apache.dubbo.rpc.cluster.support.wrapper.AbstractCluster$ClusterFilterInvoker.invoke(AbstractCluster.java:91)
	at org.apache.dubbo.rpc.cluster.support.wrapper.MockClusterInvoker.invoke(MockClusterInvoker.java:103)
	at org.apache.dubbo.rpc.cluster.support.wrapper.ScopeClusterInvoker.invoke(ScopeClusterInvoker.java:163)
	... 39 common frames omitted
2026-04-08 18:49:12.733 [nioEventLoopGroup-8-6] WARN  cheese-im-postoffice - Message handling failed: commandType=CHAT_SEND, error=消息处理失败, from=/127.0.0.1:64624
2026-04-08 18:49:15.751 [nioEventLoopGroup-8-6] ERROR cheese-im-postoffice - Failed to handle chat message: userID=xuecheng, connectionID=f3439b82bbfd4efd98746463b3bbcf25
org.apache.dubbo.rpc.RpcException: java.util.concurrent.ExecutionException: org.apache.dubbo.rpc.RpcException: Failed to invoke the method isBlocked in the service com.cheeseocean.im.common.api.friend.FriendRelationService. No provider available for the service com.cheeseocean.im.common.api.friend.FriendRelationService from registry Directory(invokers: 1[127.0.0.1], validInvokers: 0[], invokersToReconnect: 1[127.0.0.1]) on the consumer 192.168.31.22 using the dubbo version 3.2.8. Please check if the providers have been started and registered.
	at org.apache.dubbo.rpc.AsyncRpcResult.getAppResponse(AsyncRpcResult.java:166)
	at org.apache.dubbo.rpc.AsyncRpcResult.recreate(AsyncRpcResult.java:230)
	at org.apache.dubbo.rpc.proxy.InvocationUtil.invoke(InvocationUtil.java:61)
	at org.apache.dubbo.rpc.proxy.InvokerInvocationHandler.invoke(InvokerInvocationHandler.java:75)
	at com.cheeseocean.im.common.api.rpc.MessageSenderDubboProxy7.sendMessage(MessageSenderDubboProxy7.java)
	at java.base/jdk.internal.reflect.NativeMethodAccessorImpl.invoke0(Native Method)
	at java.base/jdk.internal.reflect.NativeMethodAccessorImpl.invoke(NativeMethodAccessorImpl.java:77)
	at java.base/jdk.internal.reflect.DelegatingMethodAccessorImpl.invoke(DelegatingMethodAccessorImpl.java:43)
	at java.base/java.lang.reflect.Method.invoke(Method.java:568)
	at org.apache.dubbo.config.spring.util.LazyTargetInvocationHandler.invoke(LazyTargetInvocationHandler.java:54)
	at com.cheeseocean.im.common.api.rpc.MessageSenderDubboProxy7.sendMessage(MessageSenderDubboProxy7.java)
	at com.cheeseocean.im.postoffice.handler.ChatMessageHandler.handle(ChatMessageHandler.java:77)
	at com.cheeseocean.im.postoffice.server.TcpServerHandler.handleMessage(TcpServerHandler.java:173)
	at com.cheeseocean.im.postoffice.server.TcpServerHandler.channelRead0(TcpServerHandler.java:123)
	at com.cheeseocean.im.postoffice.server.TcpServerHandler.channelRead0(TcpServerHandler.java:29)
	at io.netty.channel.SimpleChannelInboundHandler.channelRead(SimpleChannelInboundHandler.java:99)
	at io.netty.channel.AbstractChannelHandlerContext.invokeChannelRead(AbstractChannelHandlerContext.java:444)
	at io.netty.channel.AbstractChannelHandlerContext.invokeChannelRead(AbstractChannelHandlerContext.java:420)
	at io.netty.channel.AbstractChannelHandlerContext.fireChannelRead(AbstractChannelHandlerContext.java:412)
	at io.netty.handler.codec.ByteToMessageDecoder.fireChannelRead(ByteToMessageDecoder.java:346)
	at io.netty.handler.codec.ByteToMessageDecoder.channelRead(ByteToMessageDecoder.java:318)
	at io.netty.channel.AbstractChannelHandlerContext.invokeChannelRead(AbstractChannelHandlerContext.java:444)
	at io.netty.channel.AbstractChannelHandlerContext.invokeChannelRead(AbstractChannelHandlerContext.java:420)
	at io.netty.channel.AbstractChannelHandlerContext.fireChannelRead(AbstractChannelHandlerContext.java:412)
	at io.netty.handler.timeout.IdleStateHandler.channelRead(IdleStateHandler.java:289)
	at io.netty.channel.AbstractChannelHandlerContext.invokeChannelRead(AbstractChannelHandlerContext.java:442)
	at io.netty.channel.AbstractChannelHandlerContext.invokeChannelRead(AbstractChannelHandlerContext.java:420)
	at io.netty.channel.AbstractChannelHandlerContext.fireChannelRead(AbstractChannelHandlerContext.java:412)
	at io.netty.channel.DefaultChannelPipeline$HeadContext.channelRead(DefaultChannelPipeline.java:1410)
	at io.netty.channel.AbstractChannelHandlerContext.invokeChannelRead(AbstractChannelHandlerContext.java:440)
	at io.netty.channel.AbstractChannelHandlerContext.invokeChannelRead(AbstractChannelHandlerContext.java:420)
	at io.netty.channel.DefaultChannelPipeline.fireChannelRead(DefaultChannelPipeline.java:919)
	at io.netty.channel.nio.AbstractNioByteChannel$NioByteUnsafe.read(AbstractNioByteChannel.java:166)
	at io.netty.channel.nio.NioEventLoop.processSelectedKey(NioEventLoop.java:788)
	at io.netty.channel.nio.NioEventLoop.processSelectedKeysOptimized(NioEventLoop.java:724)
	at io.netty.channel.nio.NioEventLoop.processSelectedKeys(NioEventLoop.java:650)
	at io.netty.channel.nio.NioEventLoop.run(NioEventLoop.java:562)
	at io.netty.util.concurrent.SingleThreadEventExecutor$4.run(SingleThreadEventExecutor.java:997)
	at io.netty.util.internal.ThreadExecutorMap$2.run(ThreadExecutorMap.java:74)
	at io.netty.util.concurrent.FastThreadLocalRunnable.run(FastThreadLocalRunnable.java:30)
	at java.base/java.lang.Thread.run(Thread.java:840)
Caused by: java.util.concurrent.ExecutionException: org.apache.dubbo.rpc.RpcException: Failed to invoke the method isBlocked in the service com.cheeseocean.im.common.api.friend.FriendRelationService. No provider available for the service com.cheeseocean.im.common.api.friend.FriendRelationService from registry Directory(invokers: 1[127.0.0.1], validInvokers: 0[], invokersToReconnect: 1[127.0.0.1]) on the consumer 192.168.31.22 using the dubbo version 3.2.8. Please check if the providers have been started and registered.
	at java.base/java.util.concurrent.CompletableFuture.reportGet(CompletableFuture.java:396)
	at java.base/java.util.concurrent.CompletableFuture.get(CompletableFuture.java:2073)
	at org.apache.dubbo.rpc.AsyncRpcResult.getAppResponse(AsyncRpcResult.java:161)
	... 40 common frames omitted
Caused by: org.apache.dubbo.rpc.RpcException: Failed to invoke the method isBlocked in the service com.cheeseocean.im.common.api.friend.FriendRelationService. No provider available for the service com.cheeseocean.im.common.api.friend.FriendRelationService from registry Directory(invokers: 1[127.0.0.1], validInvokers: 0[], invokersToReconnect: 1[127.0.0.1]) on the consumer 192.168.31.22 using the dubbo version 3.2.8. Please check if the providers have been started and registered.
	at org.apache.dubbo.rpc.cluster.support.AbstractClusterInvoker.checkInvokers(AbstractClusterInvoker.java:370)
	at org.apache.dubbo.rpc.cluster.support.AbstractClusterInvoker.invoke(AbstractClusterInvoker.java:337)
	at org.apache.dubbo.rpc.cluster.router.RouterSnapshotFilter.invoke(RouterSnapshotFilter.java:46)
	at org.apache.dubbo.rpc.cluster.filter.FilterChainBuilder$CopyOfFilterChainNode.invoke(FilterChainBuilder.java:334)
	at org.apache.dubbo.monitor.support.MonitorFilter.invoke(MonitorFilter.java:108)
	at org.apache.dubbo.rpc.cluster.filter.FilterChainBuilder$CopyOfFilterChainNode.invoke(FilterChainBuilder.java:334)
	at org.apache.dubbo.rpc.cluster.filter.support.MetricsClusterFilter.invoke(MetricsClusterFilter.java:59)
	at org.apache.dubbo.rpc.cluster.filter.FilterChainBuilder$CopyOfFilterChainNode.invoke(FilterChainBuilder.java:334)
	at org.apache.dubbo.rpc.protocol.dubbo.filter.FutureFilter.invoke(FutureFilter.java:52)
	at org.apache.dubbo.rpc.cluster.filter.FilterChainBuilder$CopyOfFilterChainNode.invoke(FilterChainBuilder.java:334)
	at org.apache.dubbo.rpc.cluster.filter.support.ObservationSenderFilter.invoke(ObservationSenderFilter.java:61)
	at org.apache.dubbo.rpc.cluster.filter.FilterChainBuilder$CopyOfFilterChainNode.invoke(FilterChainBuilder.java:334)
	at org.apache.dubbo.spring.security.filter.ContextHolderParametersSelectedTransferFilter.invoke(ContextHolderParametersSelectedTransferFilter.java:41)
	at org.apache.dubbo.rpc.cluster.filter.FilterChainBuilder$CopyOfFilterChainNode.invoke(FilterChainBuilder.java:334)
	at org.apache.dubbo.metrics.filter.MetricsFilter.invoke(MetricsFilter.java:76)
	at org.apache.dubbo.rpc.cluster.filter.support.MetricsConsumerFilter.invoke(MetricsConsumerFilter.java:37)
	at org.apache.dubbo.rpc.cluster.filter.FilterChainBuilder$CopyOfFilterChainNode.invoke(FilterChainBuilder.java:334)
	at org.apache.dubbo.rpc.cluster.filter.support.ConsumerClassLoaderFilter.invoke(ConsumerClassLoaderFilter.java:40)
	at org.apache.dubbo.rpc.cluster.filter.FilterChainBuilder$CopyOfFilterChainNode.invoke(FilterChainBuilder.java:334)
	at org.apache.dubbo.rpc.cluster.filter.support.ConsumerContextFilter.invoke(ConsumerContextFilter.java:116)
	at org.apache.dubbo.rpc.cluster.filter.FilterChainBuilder$CopyOfFilterChainNode.invoke(FilterChainBuilder.java:334)
	at org.apache.dubbo.rpc.cluster.filter.FilterChainBuilder$CallbackRegistrationInvoker.invoke(FilterChainBuilder.java:196)
	at org.apache.dubbo.rpc.cluster.support.wrapper.AbstractCluster$ClusterFilterInvoker.invoke(AbstractCluster.java:91)
	at org.apache.dubbo.rpc.cluster.support.wrapper.MockClusterInvoker.invoke(MockClusterInvoker.java:103)
	at org.apache.dubbo.rpc.cluster.support.wrapper.ScopeClusterInvoker.invoke(ScopeClusterInvoker.java:163)
	at org.apache.dubbo.rpc.proxy.InvocationUtil.invoke(InvocationUtil.java:61)
	at org.apache.dubbo.rpc.proxy.InvokerInvocationHandler.invoke(InvokerInvocationHandler.java:75)
	at com.cheeseocean.im.common.api.friend.FriendRelationServiceDubboProxy10.isBlocked(FriendRelationServiceDubboProxy10.java)
	at java.base/jdk.internal.reflect.NativeMethodAccessorImpl.invoke0(Native Method)
	at java.base/jdk.internal.reflect.NativeMethodAccessorImpl.invoke(NativeMethodAccessorImpl.java:77)
	at java.base/jdk.internal.reflect.DelegatingMethodAccessorImpl.invoke(DelegatingMethodAccessorImpl.java:43)
	at java.base/java.lang.reflect.Method.invoke(Method.java:568)
	at org.apache.dubbo.config.spring.util.LazyTargetInvocationHandler.invoke(LazyTargetInvocationHandler.java:54)
	at com.cheeseocean.im.common.api.friend.FriendRelationServiceDubboProxy10.isBlocked(FriendRelationServiceDubboProxy10.java)
	at com.cheeseocean.im.postbox.service.MessageSenderImpl.checkSingleChatPermission(MessageSenderImpl.java:109)
	at com.cheeseocean.im.postbox.service.MessageSenderImpl.sendMessage(MessageSenderImpl.java:64)
	at com.cheeseocean.im.postbox.service.MessageSenderImplDubboWrap2.invokeMethod(MessageSenderImplDubboWrap2.java)
	at org.apache.dubbo.rpc.proxy.javassist.JavassistProxyFactory$1.doInvoke(JavassistProxyFactory.java:73)
	at org.apache.dubbo.rpc.proxy.AbstractProxyInvoker.invoke(AbstractProxyInvoker.java:100)
	at org.apache.dubbo.config.invoker.DelegateProviderMetaDataInvoker.invoke(DelegateProviderMetaDataInvoker.java:55)
	at org.apache.dubbo.rpc.filter.ClassLoaderCallbackFilter.invoke(ClassLoaderCallbackFilter.java:38)
	at org.apache.dubbo.rpc.cluster.filter.FilterChainBuilder$CopyOfFilterChainNode.invoke(FilterChainBuilder.java:334)
	at org.apache.dubbo.rpc.protocol.dubbo.filter.TraceFilter.invoke(TraceFilter.java:80)
	at org.apache.dubbo.rpc.cluster.filter.FilterChainBuilder$CopyOfFilterChainNode.invoke(FilterChainBuilder.java:334)
	at org.apache.dubbo.rpc.filter.TimeoutFilter.invoke(TimeoutFilter.java:45)
	at org.apache.dubbo.rpc.cluster.filter.FilterChainBuilder$CopyOfFilterChainNode.invoke(FilterChainBuilder.java:334)
	at org.apache.dubbo.monitor.support.MonitorFilter.invoke(MonitorFilter.java:108)
	at org.apache.dubbo.rpc.cluster.filter.FilterChainBuilder$CopyOfFilterChainNode.invoke(FilterChainBuilder.java:334)
	at org.apache.dubbo.rpc.filter.ExceptionFilter.invoke(ExceptionFilter.java:55)
	at org.apache.dubbo.rpc.cluster.filter.FilterChainBuilder$CopyOfFilterChainNode.invoke(FilterChainBuilder.java:334)
	at org.apache.dubbo.rpc.filter.AccessLogFilter.invoke(AccessLogFilter.java:119)
	at org.apache.dubbo.rpc.cluster.filter.FilterChainBuilder$CopyOfFilterChainNode.invoke(FilterChainBuilder.java:334)
	at org.apache.dubbo.metrics.observation.ObservationReceiverFilter.invoke(ObservationReceiverFilter.java:56)
	at org.apache.dubbo.rpc.cluster.filter.FilterChainBuilder$CopyOfFilterChainNode.invoke(FilterChainBuilder.java:334)
	at org.apache.dubbo.rpc.filter.GenericFilter.invoke(GenericFilter.java:208)
	at org.apache.dubbo.rpc.cluster.filter.FilterChainBuilder$CopyOfFilterChainNode.invoke(FilterChainBuilder.java:334)
	at org.apache.dubbo.rpc.filter.ClassLoaderFilter.invoke(ClassLoaderFilter.java:54)
	at org.apache.dubbo.rpc.cluster.filter.FilterChainBuilder$CopyOfFilterChainNode.invoke(FilterChainBuilder.java:334)
	at org.apache.dubbo.rpc.filter.EchoFilter.invoke(EchoFilter.java:41)
	at org.apache.dubbo.rpc.cluster.filter.FilterChainBuilder$CopyOfFilterChainNode.invoke(FilterChainBuilder.java:334)
	at org.apache.dubbo.metrics.filter.MetricsFilter.invoke(MetricsFilter.java:76)
	at org.apache.dubbo.metrics.filter.MetricsProviderFilter.invoke(MetricsProviderFilter.java:36)
	at org.apache.dubbo.rpc.cluster.filter.FilterChainBuilder$CopyOfFilterChainNode.invoke(FilterChainBuilder.java:334)
	at org.apache.dubbo.rpc.filter.ProfilerServerFilter.invoke(ProfilerServerFilter.java:64)
	at org.apache.dubbo.rpc.cluster.filter.FilterChainBuilder$CopyOfFilterChainNode.invoke(FilterChainBuilder.java:334)
	at org.apache.dubbo.rpc.filter.ContextFilter.invoke(ContextFilter.java:144)
	at org.apache.dubbo.rpc.cluster.filter.FilterChainBuilder$CopyOfFilterChainNode.invoke(FilterChainBuilder.java:334)
	at org.apache.dubbo.rpc.cluster.filter.FilterChainBuilder$CallbackRegistrationInvoker.invoke(FilterChainBuilder.java:196)
	at org.apache.dubbo.rpc.protocol.injvm.InjvmInvoker.doInvoke(InjvmInvoker.java:170)
	at org.apache.dubbo.rpc.protocol.AbstractInvoker.doInvokeAndReturn(AbstractInvoker.java:243)
	at org.apache.dubbo.rpc.protocol.AbstractInvoker.invoke(AbstractInvoker.java:187)
	at org.apache.dubbo.rpc.listener.ListenerInvokerWrapper.invoke(ListenerInvokerWrapper.java:71)
	at org.apache.dubbo.rpc.filter.RpcExceptionFilter.invoke(RpcExceptionFilter.java:41)
	at org.apache.dubbo.rpc.cluster.filter.FilterChainBuilder$CopyOfFilterChainNode.invoke(FilterChainBuilder.java:334)
	at org.apache.dubbo.rpc.cluster.filter.FilterChainBuilder$CallbackRegistrationInvoker.invoke(FilterChainBuilder.java:196)
	at org.apache.dubbo.rpc.protocol.ReferenceCountInvokerWrapper.invoke(ReferenceCountInvokerWrapper.java:95)
	at org.apache.dubbo.rpc.cluster.support.AbstractClusterInvoker.invokeWithContext(AbstractClusterInvoker.java:383)
	at org.apache.dubbo.rpc.cluster.support.FailoverClusterInvoker.doInvoke(FailoverClusterInvoker.java:80)
	at org.apache.dubbo.rpc.cluster.support.AbstractClusterInvoker.invoke(AbstractClusterInvoker.java:344)
	at org.apache.dubbo.rpc.cluster.router.RouterSnapshotFilter.invoke(RouterSnapshotFilter.java:46)
	at org.apache.dubbo.rpc.cluster.filter.FilterChainBuilder$CopyOfFilterChainNode.invoke(FilterChainBuilder.java:334)
	at org.apache.dubbo.monitor.support.MonitorFilter.invoke(MonitorFilter.java:108)
	at org.apache.dubbo.rpc.cluster.filter.FilterChainBuilder$CopyOfFilterChainNode.invoke(FilterChainBuilder.java:334)
	at org.apache.dubbo.rpc.cluster.filter.support.MetricsClusterFilter.invoke(MetricsClusterFilter.java:59)
	at org.apache.dubbo.rpc.cluster.filter.FilterChainBuilder$CopyOfFilterChainNode.invoke(FilterChainBuilder.java:334)
	at org.apache.dubbo.rpc.protocol.dubbo.filter.FutureFilter.invoke(FutureFilter.java:52)
	at org.apache.dubbo.rpc.cluster.filter.FilterChainBuilder$CopyOfFilterChainNode.invoke(FilterChainBuilder.java:334)
	at org.apache.dubbo.rpc.cluster.filter.support.ObservationSenderFilter.invoke(ObservationSenderFilter.java:61)
	at org.apache.dubbo.rpc.cluster.filter.FilterChainBuilder$CopyOfFilterChainNode.invoke(FilterChainBuilder.java:334)
	at org.apache.dubbo.spring.security.filter.ContextHolderParametersSelectedTransferFilter.invoke(ContextHolderParametersSelectedTransferFilter.java:41)
	at org.apache.dubbo.rpc.cluster.filter.FilterChainBuilder$CopyOfFilterChainNode.invoke(FilterChainBuilder.java:334)
	at org.apache.dubbo.metrics.filter.MetricsFilter.invoke(MetricsFilter.java:76)
	at org.apache.dubbo.rpc.cluster.filter.support.MetricsConsumerFilter.invoke(MetricsConsumerFilter.java:37)
	at org.apache.dubbo.rpc.cluster.filter.FilterChainBuilder$CopyOfFilterChainNode.invoke(FilterChainBuilder.java:334)
	at org.apache.dubbo.rpc.cluster.filter.support.ConsumerClassLoaderFilter.invoke(ConsumerClassLoaderFilter.java:40)
	at org.apache.dubbo.rpc.cluster.filter.FilterChainBuilder$CopyOfFilterChainNode.invoke(FilterChainBuilder.java:334)
	at org.apache.dubbo.rpc.cluster.filter.support.ConsumerContextFilter.invoke(ConsumerContextFilter.java:116)
	at org.apache.dubbo.rpc.cluster.filter.FilterChainBuilder$CopyOfFilterChainNode.invoke(FilterChainBuilder.java:334)
	at org.apache.dubbo.rpc.cluster.filter.FilterChainBuilder$CallbackRegistrationInvoker.invoke(FilterChainBuilder.java:196)
	at org.apache.dubbo.rpc.cluster.support.wrapper.AbstractCluster$ClusterFilterInvoker.invoke(AbstractCluster.java:91)
	at org.apache.dubbo.rpc.cluster.support.wrapper.MockClusterInvoker.invoke(MockClusterInvoker.java:103)
	at org.apache.dubbo.rpc.cluster.support.wrapper.ScopeClusterInvoker.invoke(ScopeClusterInvoker.java:163)
	... 39 common frames omitted
2026-04-08 18:49:15.752 [nioEventLoopGroup-8-6] WARN  cheese-im-postoffice - Message handling failed: commandType=CHAT_SEND, error=消息处理失败, from=/127.0.0.1:64624
2026-04-08 18:49:31.029 [nioEventLoopGroup-8-5] ERROR cheese-im-postoffice - Failed to handle chat message: userID=xxxcrel, connectionID=d081e20aaa6f48be8658d2c9fcf0eb41
org.apache.dubbo.rpc.RpcException: java.util.concurrent.ExecutionException: org.apache.dubbo.rpc.RpcException: Failed to invoke the method isBlocked in the service com.cheeseocean.im.common.api.friend.FriendRelationService. No provider available for the service com.cheeseocean.im.common.api.friend.FriendRelationService from registry Directory(invokers: 1[127.0.0.1], validInvokers: 0[], invokersToReconnect: 1[127.0.0.1]) on the consumer 192.168.31.22 using the dubbo version 3.2.8. Please check if the providers have been started and registered.
	at org.apache.dubbo.rpc.AsyncRpcResult.getAppResponse(AsyncRpcResult.java:166)
	at org.apache.dubbo.rpc.AsyncRpcResult.recreate(AsyncRpcResult.java:230)
	at org.apache.dubbo.rpc.proxy.InvocationUtil.invoke(InvocationUtil.java:61)
	at org.apache.dubbo.rpc.proxy.InvokerInvocationHandler.invoke(InvokerInvocationHandler.java:75)
	at com.cheeseocean.im.common.api.rpc.MessageSenderDubboProxy7.sendMessage(MessageSenderDubboProxy7.java)
	at java.base/jdk.internal.reflect.NativeMethodAccessorImpl.invoke0(Native Method)
	at java.base/jdk.internal.reflect.NativeMethodAccessorImpl.invoke(NativeMethodAccessorImpl.java:77)
	at java.base/jdk.internal.reflect.DelegatingMethodAccessorImpl.invoke(DelegatingMethodAccessorImpl.java:43)
	at java.base/java.lang.reflect.Method.invoke(Method.java:568)
	at org.apache.dubbo.config.spring.util.LazyTargetInvocationHandler.invoke(LazyTargetInvocationHandler.java:54)
	at com.cheeseocean.im.common.api.rpc.MessageSenderDubboProxy7.sendMessage(MessageSenderDubboProxy7.java)
	at com.cheeseocean.im.postoffice.handler.ChatMessageHandler.handle(ChatMessageHandler.java:77)
	at com.cheeseocean.im.postoffice.server.TcpServerHandler.handleMessage(TcpServerHandler.java:173)
	at com.cheeseocean.im.postoffice.server.TcpServerHandler.channelRead0(TcpServerHandler.java:123)
	at com.cheeseocean.im.postoffice.server.TcpServerHandler.channelRead0(TcpServerHandler.java:29)
	at io.netty.channel.SimpleChannelInboundHandler.channelRead(SimpleChannelInboundHandler.java:99)
	at io.netty.channel.AbstractChannelHandlerContext.invokeChannelRead(AbstractChannelHandlerContext.java:444)
	at io.netty.channel.AbstractChannelHandlerContext.invokeChannelRead(AbstractChannelHandlerContext.java:420)
	at io.netty.channel.AbstractChannelHandlerContext.fireChannelRead(AbstractChannelHandlerContext.java:412)
	at io.netty.handler.codec.ByteToMessageDecoder.fireChannelRead(ByteToMessageDecoder.java:346)
	at io.netty.handler.codec.ByteToMessageDecoder.channelRead(ByteToMessageDecoder.java:318)
	at io.netty.channel.AbstractChannelHandlerContext.invokeChannelRead(AbstractChannelHandlerContext.java:444)
	at io.netty.channel.AbstractChannelHandlerContext.invokeChannelRead(AbstractChannelHandlerContext.java:420)
	at io.netty.channel.AbstractChannelHandlerContext.fireChannelRead(AbstractChannelHandlerContext.java:412)
	at io.netty.handler.timeout.IdleStateHandler.channelRead(IdleStateHandler.java:289)
	at io.netty.channel.AbstractChannelHandlerContext.invokeChannelRead(AbstractChannelHandlerContext.java:442)
	at io.netty.channel.AbstractChannelHandlerContext.invokeChannelRead(AbstractChannelHandlerContext.java:420)
	at io.netty.channel.AbstractChannelHandlerContext.fireChannelRead(AbstractChannelHandlerContext.java:412)
	at io.netty.channel.DefaultChannelPipeline$HeadContext.channelRead(DefaultChannelPipeline.java:1410)
	at io.netty.channel.AbstractChannelHandlerContext.invokeChannelRead(AbstractChannelHandlerContext.java:440)
	at io.netty.channel.AbstractChannelHandlerContext.invokeChannelRead(AbstractChannelHandlerContext.java:420)
	at io.netty.channel.DefaultChannelPipeline.fireChannelRead(DefaultChannelPipeline.java:919)
	at io.netty.channel.nio.AbstractNioByteChannel$NioByteUnsafe.read(AbstractNioByteChannel.java:166)
	at io.netty.channel.nio.NioEventLoop.processSelectedKey(NioEventLoop.java:788)
	at io.netty.channel.nio.NioEventLoop.processSelectedKeysOptimized(NioEventLoop.java:724)
	at io.netty.channel.nio.NioEventLoop.processSelectedKeys(NioEventLoop.java:650)
	at io.netty.channel.nio.NioEventLoop.run(NioEventLoop.java:562)
	at io.netty.util.concurrent.SingleThreadEventExecutor$4.run(SingleThreadEventExecutor.java:997)
	at io.netty.util.internal.ThreadExecutorMap$2.run(ThreadExecutorMap.java:74)
	at io.netty.util.concurrent.FastThreadLocalRunnable.run(FastThreadLocalRunnable.java:30)
	at java.base/java.lang.Thread.run(Thread.java:840)
Caused by: java.util.concurrent.ExecutionException: org.apache.dubbo.rpc.RpcException: Failed to invoke the method isBlocked in the service com.cheeseocean.im.common.api.friend.FriendRelationService. No provider available for the service com.cheeseocean.im.common.api.friend.FriendRelationService from registry Directory(invokers: 1[127.0.0.1], validInvokers: 0[], invokersToReconnect: 1[127.0.0.1]) on the consumer 192.168.31.22 using the dubbo version 3.2.8. Please check if the providers have been started and registered.
	at java.base/java.util.concurrent.CompletableFuture.reportGet(CompletableFuture.java:396)
	at java.base/java.util.concurrent.CompletableFuture.get(CompletableFuture.java:2073)
	at org.apache.dubbo.rpc.AsyncRpcResult.getAppResponse(AsyncRpcResult.java:161)
	... 40 common frames omitted
Caused by: org.apache.dubbo.rpc.RpcException: Failed to invoke the method isBlocked in the service com.cheeseocean.im.common.api.friend.FriendRelationService. No provider available for the service com.cheeseocean.im.common.api.friend.FriendRelationService from registry Directory(invokers: 1[127.0.0.1], validInvokers: 0[], invokersToReconnect: 1[127.0.0.1]) on the consumer 192.168.31.22 using the dubbo version 3.2.8. Please check if the providers have been started and registered.
	at org.apache.dubbo.rpc.cluster.support.AbstractClusterInvoker.checkInvokers(AbstractClusterInvoker.java:370)
	at org.apache.dubbo.rpc.cluster.support.AbstractClusterInvoker.invoke(AbstractClusterInvoker.java:337)
	at org.apache.dubbo.rpc.cluster.router.RouterSnapshotFilter.invoke(RouterSnapshotFilter.java:46)
	at org.apache.dubbo.rpc.cluster.filter.FilterChainBuilder$CopyOfFilterChainNode.invoke(FilterChainBuilder.java:334)
	at org.apache.dubbo.monitor.support.MonitorFilter.invoke(MonitorFilter.java:108)
	at org.apache.dubbo.rpc.cluster.filter.FilterChainBuilder$CopyOfFilterChainNode.invoke(FilterChainBuilder.java:334)
	at org.apache.dubbo.rpc.cluster.filter.support.MetricsClusterFilter.invoke(MetricsClusterFilter.java:59)
	at org.apache.dubbo.rpc.cluster.filter.FilterChainBuilder$CopyOfFilterChainNode.invoke(FilterChainBuilder.java:334)
	at org.apache.dubbo.rpc.protocol.dubbo.filter.FutureFilter.invoke(FutureFilter.java:52)
	at org.apache.dubbo.rpc.cluster.filter.FilterChainBuilder$CopyOfFilterChainNode.invoke(FilterChainBuilder.java:334)
	at org.apache.dubbo.rpc.cluster.filter.support.ObservationSenderFilter.invoke(ObservationSenderFilter.java:61)
	at org.apache.dubbo.rpc.cluster.filter.FilterChainBuilder$CopyOfFilterChainNode.invoke(FilterChainBuilder.java:334)
	at org.apache.dubbo.spring.security.filter.ContextHolderParametersSelectedTransferFilter.invoke(ContextHolderParametersSelectedTransferFilter.java:41)
	at org.apache.dubbo.rpc.cluster.filter.FilterChainBuilder$CopyOfFilterChainNode.invoke(FilterChainBuilder.java:334)
	at org.apache.dubbo.metrics.filter.MetricsFilter.invoke(MetricsFilter.java:76)
	at org.apache.dubbo.rpc.cluster.filter.support.MetricsConsumerFilter.invoke(MetricsConsumerFilter.java:37)
	at org.apache.dubbo.rpc.cluster.filter.FilterChainBuilder$CopyOfFilterChainNode.invoke(FilterChainBuilder.java:334)
	at org.apache.dubbo.rpc.cluster.filter.support.ConsumerClassLoaderFilter.invoke(ConsumerClassLoaderFilter.java:40)
	at org.apache.dubbo.rpc.cluster.filter.FilterChainBuilder$CopyOfFilterChainNode.invoke(FilterChainBuilder.java:334)
	at org.apache.dubbo.rpc.cluster.filter.support.ConsumerContextFilter.invoke(ConsumerContextFilter.java:116)
	at org.apache.dubbo.rpc.cluster.filter.FilterChainBuilder$CopyOfFilterChainNode.invoke(FilterChainBuilder.java:334)
	at org.apache.dubbo.rpc.cluster.filter.FilterChainBuilder$CallbackRegistrationInvoker.invoke(FilterChainBuilder.java:196)
	at org.apache.dubbo.rpc.cluster.support.wrapper.AbstractCluster$ClusterFilterInvoker.invoke(AbstractCluster.java:91)
	at org.apache.dubbo.rpc.cluster.support.wrapper.MockClusterInvoker.invoke(MockClusterInvoker.java:103)
	at org.apache.dubbo.rpc.cluster.support.wrapper.ScopeClusterInvoker.invoke(ScopeClusterInvoker.java:163)
	at org.apache.dubbo.rpc.proxy.InvocationUtil.invoke(InvocationUtil.java:61)
	at org.apache.dubbo.rpc.proxy.InvokerInvocationHandler.invoke(InvokerInvocationHandler.java:75)
	at com.cheeseocean.im.common.api.friend.FriendRelationServiceDubboProxy10.isBlocked(FriendRelationServiceDubboProxy10.java)
	at java.base/jdk.internal.reflect.NativeMethodAccessorImpl.invoke0(Native Method)
	at java.base/jdk.internal.reflect.NativeMethodAccessorImpl.invoke(NativeMethodAccessorImpl.java:77)
	at java.base/jdk.internal.reflect.DelegatingMethodAccessorImpl.invoke(DelegatingMethodAccessorImpl.java:43)
	at java.base/java.lang.reflect.Method.invoke(Method.java:568)
	at org.apache.dubbo.config.spring.util.LazyTargetInvocationHandler.invoke(LazyTargetInvocationHandler.java:54)
	at com.cheeseocean.im.common.api.friend.FriendRelationServiceDubboProxy10.isBlocked(FriendRelationServiceDubboProxy10.java)
	at com.cheeseocean.im.postbox.service.MessageSenderImpl.checkSingleChatPermission(MessageSenderImpl.java:109)
	at com.cheeseocean.im.postbox.service.MessageSenderImpl.sendMessage(MessageSenderImpl.java:64)
	at com.cheeseocean.im.postbox.service.MessageSenderImplDubboWrap2.invokeMethod(MessageSenderImplDubboWrap2.java)
	at org.apache.dubbo.rpc.proxy.javassist.JavassistProxyFactory$1.doInvoke(JavassistProxyFactory.java:73)
	at org.apache.dubbo.rpc.proxy.AbstractProxyInvoker.invoke(AbstractProxyInvoker.java:100)
	at org.apache.dubbo.config.invoker.DelegateProviderMetaDataInvoker.invoke(DelegateProviderMetaDataInvoker.java:55)
	at org.apache.dubbo.rpc.filter.ClassLoaderCallbackFilter.invoke(ClassLoaderCallbackFilter.java:38)
	at org.apache.dubbo.rpc.cluster.filter.FilterChainBuilder$CopyOfFilterChainNode.invoke(FilterChainBuilder.java:334)
	at org.apache.dubbo.rpc.protocol.dubbo.filter.TraceFilter.invoke(TraceFilter.java:80)
	at org.apache.dubbo.rpc.cluster.filter.FilterChainBuilder$CopyOfFilterChainNode.invoke(FilterChainBuilder.java:334)
	at org.apache.dubbo.rpc.filter.TimeoutFilter.invoke(TimeoutFilter.java:45)
	at org.apache.dubbo.rpc.cluster.filter.FilterChainBuilder$CopyOfFilterChainNode.invoke(FilterChainBuilder.java:334)
	at org.apache.dubbo.monitor.support.MonitorFilter.invoke(MonitorFilter.java:108)
	at org.apache.dubbo.rpc.cluster.filter.FilterChainBuilder$CopyOfFilterChainNode.invoke(FilterChainBuilder.java:334)
	at org.apache.dubbo.rpc.filter.ExceptionFilter.invoke(ExceptionFilter.java:55)
	at org.apache.dubbo.rpc.cluster.filter.FilterChainBuilder$CopyOfFilterChainNode.invoke(FilterChainBuilder.java:334)
	at org.apache.dubbo.rpc.filter.AccessLogFilter.invoke(AccessLogFilter.java:119)
	at org.apache.dubbo.rpc.cluster.filter.FilterChainBuilder$CopyOfFilterChainNode.invoke(FilterChainBuilder.java:334)
	at org.apache.dubbo.metrics.observation.ObservationReceiverFilter.invoke(ObservationReceiverFilter.java:56)
	at org.apache.dubbo.rpc.cluster.filter.FilterChainBuilder$CopyOfFilterChainNode.invoke(FilterChainBuilder.java:334)
	at org.apache.dubbo.rpc.filter.GenericFilter.invoke(GenericFilter.java:208)
	at org.apache.dubbo.rpc.cluster.filter.FilterChainBuilder$CopyOfFilterChainNode.invoke(FilterChainBuilder.java:334)
	at org.apache.dubbo.rpc.filter.ClassLoaderFilter.invoke(ClassLoaderFilter.java:54)
	at org.apache.dubbo.rpc.cluster.filter.FilterChainBuilder$CopyOfFilterChainNode.invoke(FilterChainBuilder.java:334)
	at org.apache.dubbo.rpc.filter.EchoFilter.invoke(EchoFilter.java:41)
	at org.apache.dubbo.rpc.cluster.filter.FilterChainBuilder$CopyOfFilterChainNode.invoke(FilterChainBuilder.java:334)
	at org.apache.dubbo.metrics.filter.MetricsFilter.invoke(MetricsFilter.java:76)
	at org.apache.dubbo.metrics.filter.MetricsProviderFilter.invoke(MetricsProviderFilter.java:36)
	at org.apache.dubbo.rpc.cluster.filter.FilterChainBuilder$CopyOfFilterChainNode.invoke(FilterChainBuilder.java:334)
	at org.apache.dubbo.rpc.filter.ProfilerServerFilter.invoke(ProfilerServerFilter.java:64)
	at org.apache.dubbo.rpc.cluster.filter.FilterChainBuilder$CopyOfFilterChainNode.invoke(FilterChainBuilder.java:334)
	at org.apache.dubbo.rpc.filter.ContextFilter.invoke(ContextFilter.java:144)
	at org.apache.dubbo.rpc.cluster.filter.FilterChainBuilder$CopyOfFilterChainNode.invoke(FilterChainBuilder.java:334)
	at org.apache.dubbo.rpc.cluster.filter.FilterChainBuilder$CallbackRegistrationInvoker.invoke(FilterChainBuilder.java:196)
	at org.apache.dubbo.rpc.protocol.injvm.InjvmInvoker.doInvoke(InjvmInvoker.java:170)
	at org.apache.dubbo.rpc.protocol.AbstractInvoker.doInvokeAndReturn(AbstractInvoker.java:243)
	at org.apache.dubbo.rpc.protocol.AbstractInvoker.invoke(AbstractInvoker.java:187)
	at org.apache.dubbo.rpc.listener.ListenerInvokerWrapper.invoke(ListenerInvokerWrapper.java:71)
	at org.apache.dubbo.rpc.filter.RpcExceptionFilter.invoke(RpcExceptionFilter.java:41)
	at org.apache.dubbo.rpc.cluster.filter.FilterChainBuilder$CopyOfFilterChainNode.invoke(FilterChainBuilder.java:334)
	at org.apache.dubbo.rpc.cluster.filter.FilterChainBuilder$CallbackRegistrationInvoker.invoke(FilterChainBuilder.java:196)
	at org.apache.dubbo.rpc.protocol.ReferenceCountInvokerWrapper.invoke(ReferenceCountInvokerWrapper.java:95)
	at org.apache.dubbo.rpc.cluster.support.AbstractClusterInvoker.invokeWithContext(AbstractClusterInvoker.java:383)
	at org.apache.dubbo.rpc.cluster.support.FailoverClusterInvoker.doInvoke(FailoverClusterInvoker.java:80)
	at org.apache.dubbo.rpc.cluster.support.AbstractClusterInvoker.invoke(AbstractClusterInvoker.java:344)
	at org.apache.dubbo.rpc.cluster.router.RouterSnapshotFilter.invoke(RouterSnapshotFilter.java:46)
	at org.apache.dubbo.rpc.cluster.filter.FilterChainBuilder$CopyOfFilterChainNode.invoke(FilterChainBuilder.java:334)
	at org.apache.dubbo.monitor.support.MonitorFilter.invoke(MonitorFilter.java:108)
	at org.apache.dubbo.rpc.cluster.filter.FilterChainBuilder$CopyOfFilterChainNode.invoke(FilterChainBuilder.java:334)
	at org.apache.dubbo.rpc.cluster.filter.support.MetricsClusterFilter.invoke(MetricsClusterFilter.java:59)
	at org.apache.dubbo.rpc.cluster.filter.FilterChainBuilder$CopyOfFilterChainNode.invoke(FilterChainBuilder.java:334)
	at org.apache.dubbo.rpc.protocol.dubbo.filter.FutureFilter.invoke(FutureFilter.java:52)
	at org.apache.dubbo.rpc.cluster.filter.FilterChainBuilder$CopyOfFilterChainNode.invoke(FilterChainBuilder.java:334)
	at org.apache.dubbo.rpc.cluster.filter.support.ObservationSenderFilter.invoke(ObservationSenderFilter.java:61)
	at org.apache.dubbo.rpc.cluster.filter.FilterChainBuilder$CopyOfFilterChainNode.invoke(FilterChainBuilder.java:334)
	at org.apache.dubbo.spring.security.filter.ContextHolderParametersSelectedTransferFilter.invoke(ContextHolderParametersSelectedTransferFilter.java:41)
	at org.apache.dubbo.rpc.cluster.filter.FilterChainBuilder$CopyOfFilterChainNode.invoke(FilterChainBuilder.java:334)
	at org.apache.dubbo.metrics.filter.MetricsFilter.invoke(MetricsFilter.java:76)
	at org.apache.dubbo.rpc.cluster.filter.support.MetricsConsumerFilter.invoke(MetricsConsumerFilter.java:37)
	at org.apache.dubbo.rpc.cluster.filter.FilterChainBuilder$CopyOfFilterChainNode.invoke(FilterChainBuilder.java:334)
	at org.apache.dubbo.rpc.cluster.filter.support.ConsumerClassLoaderFilter.invoke(ConsumerClassLoaderFilter.java:40)
	at org.apache.dubbo.rpc.cluster.filter.FilterChainBuilder$CopyOfFilterChainNode.invoke(FilterChainBuilder.java:334)
	at org.apache.dubbo.rpc.cluster.filter.support.ConsumerContextFilter.invoke(ConsumerContextFilter.java:116)
	at org.apache.dubbo.rpc.cluster.filter.FilterChainBuilder$CopyOfFilterChainNode.invoke(FilterChainBuilder.java:334)
	at org.apache.dubbo.rpc.cluster.filter.FilterChainBuilder$CallbackRegistrationInvoker.invoke(FilterChainBuilder.java:196)
	at org.apache.dubbo.rpc.cluster.support.wrapper.AbstractCluster$ClusterFilterInvoker.invoke(AbstractCluster.java:91)
	at org.apache.dubbo.rpc.cluster.support.wrapper.MockClusterInvoker.invoke(MockClusterInvoker.java:103)
	at org.apache.dubbo.rpc.cluster.support.wrapper.ScopeClusterInvoker.invoke(ScopeClusterInvoker.java:163)
	... 39 common frames omitted
2026-04-08 18:49:31.031 [nioEventLoopGroup-8-5] WARN  cheese-im-postoffice - Message handling failed: commandType=CHAT_SEND, error=消息处理失败, from=/127.0.0.1:64598
2026-04-08 18:50:12.728 [SpringApplicationShutdownHook] INFO  cheese-im-postoffice - Shutting down WebSocket Server...
2026-04-08 18:50:12.729 [SpringApplicationShutdownHook] INFO  cheese-im-postoffice - ConnectionManager destroyed
2026-04-08 18:50:12.730 [SpringApplicationShutdownHook] INFO  cheese-im-postoffice - WebSocket Server shutdown completed
2026-04-08 18:50:12.730 [SpringApplicationShutdownHook] INFO  cheese-im-postoffice - Shutting down TCP Server...
2026-04-08 18:50:12.731 [nioEventLoopGroup-8-6] INFO  cheese-im-postoffice - TCP connection closed: /127.0.0.1:64624
2026-04-08 18:50:12.731 [nioEventLoopGroup-8-5] INFO  cheese-im-postoffice - TCP connection closed: /127.0.0.1:64598
2026-04-08 18:50:12.732 [SpringApplicationShutdownHook] INFO  cheese-im-postoffice - TCP Server shutdown completed
